Class,doesHaveLink,doseHaveSpamWords,message_len,doesHavePhoneNumber
ham,0,0,114,0
ham,0,0,32,0
spam,0,5,158,1
ham,0,0,52,0
ham,0,0,64,0
spam,0,0,151,0
ham,0,0,80,0
ham,0,0,163,0
spam,0,2,161,1
spam,0,0,157,1
ham,0,0,112,0
spam,0,3,139,1
spam,1,5,159,1
ham,0,0,199,0
ham,0,0,38,0
spam,1,2,152,0
ham,0,0,29,0
ham,0,0,84,0
ham,0,0,61,0
spam,0,1,159,1
ham,0,0,44,0
ham,0,0,52,0
ham,0,0,56,0
ham,0,0,91,0
ham,0,0,60,0
ham,0,0,147,0
ham,0,0,33,0
ham,0,0,137,0
ham,0,0,78,0
ham,0,0,67,0
ham,0,0,133,0
ham,0,1,192,0
ham,0,0,32,0
ham,0,0,87,0
spam,0,3,162,0
ham,0,1,126,0
ham,0,0,50,0
ham,0,0,31,0
ham,0,0,30,0
ham,0,1,158,0
ham,0,0,85,0
ham,0,0,145,0
spam,0,4,175,1
ham,0,0,22,0
ham,0,0,75,0
ham,0,0,35,0
ham,0,0,48,0
ham,0,0,34,0
ham,0,0,70,0
ham,0,0,151,0
ham,0,0,61,0
ham,0,0,127,0
ham,0,0,83,0
ham,0,0,294,0
spam,0,2,123,0
ham,0,0,79,0
spam,0,0,164,1
ham,0,0,37,0
ham,0,0,25,0
ham,0,0,43,0
ham,0,0,111,0
ham,0,0,51,0
ham,0,0,28,0
ham,0,0,59,0
ham,0,0,113,0
spam,0,1,156,1
ham,0,0,127,0
spam,0,3,164,1
spam,0,0,83,0
ham,0,0,37,0
ham,0,0,49,0
ham,0,0,32,0
ham,0,0,48,0
ham,0,0,45,0
ham,0,0,23,0
ham,0,0,46,0
ham,0,0,76,0
ham,0,0,53,0
ham,0,0,45,0
ham,0,0,79,0
ham,0,0,25,0
ham,0,0,35,0
ham,0,0,35,0
ham,0,0,39,0
ham,0,0,17,0
ham,0,1,58,0
ham,0,0,124,0
ham,0,0,147,0
ham,0,0,45,0
ham,0,0,44,0
ham,0,0,65,0
ham,0,0,198,0
ham,0,0,144,0
spam,0,2,142,0
ham,0,0,110,0
spam,0,2,161,1
ham,0,0,36,0
ham,0,0,54,0
ham,0,0,187,0
ham,0,1,60,0
ham,0,0,84,0
ham,0,0,79,0
ham,0,0,163,0
ham,0,0,186,0
ham,0,0,47,0
ham,0,0,98,0
ham,0,0,46,0
ham,0,0,85,0
ham,0,0,118,0
ham,0,0,33,0
ham,0,0,43,0
ham,0,1,34,0
ham,0,0,99,0
spam,0,3,162,1
ham,0,0,146,0
ham,0,0,159,0
spam,0,1,156,0
ham,0,0,75,0
ham,0,0,89,0
spam,0,0,147,1
spam,0,3,160,1
ham,0,0,56,0
spam,0,1,159,1
ham,0,0,55,0
ham,0,0,43,0
ham,0,0,23,0
ham,0,1,247,0
ham,0,0,25,0
ham,0,0,110,0
ham,0,0,31,0
ham,0,0,12,0
ham,0,0,42,0
ham,0,0,28,0
spam,0,2,129,1
spam,0,2,165,1
ham,0,0,41,0
ham,0,0,37,0
ham,0,0,49,0
spam,0,1,158,1
ham,0,0,89,0
ham,0,1,36,0
ham,0,0,30,0
ham,0,0,161,0
ham,0,0,45,0
ham,0,0,28,0
ham,0,0,51,0
spam,0,3,162,0
ham,0,0,87,0
ham,0,1,36,0
ham,0,0,33,0
ham,0,0,48,0
ham,0,0,62,0
ham,0,1,28,0
ham,0,0,163,0
ham,0,0,387,0
ham,0,0,31,0
ham,0,0,30,0
ham,0,0,160,0
spam,0,2,127,1
spam,0,1,149,1
ham,0,0,118,0
ham,0,0,67,0
ham,0,0,88,0
spam,1,2,155,1
spam,0,1,158,0
ham,0,0,54,0
spam,0,4,160,1
ham,0,0,77,0
ham,0,0,70,0
ham,0,0,62,0
ham,0,0,53,0
ham,0,0,97,0
ham,0,0,36,0
ham,0,0,108,0
ham,0,0,64,0
ham,0,0,68,0
ham,0,0,29,0
ham,0,1,149,0
ham,0,2,69,0
ham,0,1,129,0
ham,0,0,162,0
ham,0,0,26,0
ham,0,0,68,0
ham,0,0,27,0
ham,0,0,29,0
ham,0,0,155,0
ham,0,0,37,0
spam,0,2,152,0
ham,0,0,58,0
ham,0,0,91,0
spam,1,0,75,0
ham,0,0,188,0
ham,0,0,40,0
ham,0,0,114,0
ham,0,0,95,0
ham,0,0,31,0
ham,0,0,31,0
ham,0,0,67,0
ham,0,1,134,0
ham,0,0,43,0
ham,0,0,31,0
ham,0,1,87,0
ham,0,0,177,0
ham,0,0,27,0
ham,0,0,28,0
ham,0,0,67,0
ham,0,0,159,0
ham,0,0,31,0
ham,0,0,89,0
ham,0,0,42,0
ham,0,0,76,0
ham,0,0,29,0
ham,0,0,26,0
ham,0,0,27,0
ham,0,0,34,0
ham,0,0,61,0
ham,0,0,51,0
ham,0,0,44,0
ham,0,0,35,0
ham,0,0,162,0
ham,0,0,28,0
ham,0,0,164,0
ham,0,0,25,0
ham,0,0,122,0
spam,1,1,146,1
ham,0,0,72,0
spam,0,1,140,0
ham,0,0,33,0
ham,0,0,168,0
ham,0,0,37,0
ham,0,0,112,0
ham,0,0,40,0
ham,0,0,36,0
ham,0,0,51,0
spam,0,3,160,0
ham,0,0,53,0
ham,0,0,68,0
ham,0,0,41,0
ham,0,0,148,0
spam,0,1,148,1
ham,0,0,54,0
ham,0,0,48,0
ham,0,0,86,0
ham,0,0,158,0
ham,0,0,40,0
ham,0,0,81,0
ham,0,0,33,0
ham,0,0,34,0
ham,0,0,149,0
spam,1,2,153,1
ham,0,0,47,0
ham,0,0,182,0
ham,0,0,30,0
ham,0,0,182,0
ham,0,0,41,0
ham,0,0,100,0
ham,0,0,46,0
ham,0,0,39,0
spam,0,4,157,1
ham,0,0,77,0
ham,0,0,6,0
ham,0,0,88,0
ham,0,0,54,1
spam,0,3,124,1
ham,0,0,29,0
ham,0,1,38,0
ham,0,0,50,0
spam,0,2,162,1
ham,0,0,50,0
spam,0,3,136,0
ham,0,0,56,0
ham,0,0,150,0
spam,1,1,158,1
ham,0,0,40,0
ham,0,0,34,0
ham,0,0,11,0
ham,0,0,41,0
ham,0,0,33,0
ham,0,0,50,0
ham,0,0,59,0
ham,0,0,25,0
ham,0,0,145,0
ham,0,0,32,0
ham,0,0,10,0
ham,0,0,124,0
ham,0,0,61,0
ham,0,0,7,0
ham,0,0,151,0
ham,0,0,163,0
ham,0,0,155,0
ham,0,0,40,0
ham,0,0,58,0
ham,0,0,24,0
ham,0,0,25,0
ham,0,1,53,0
spam,0,0,162,0
ham,0,0,70,0
ham,0,0,156,0
ham,0,1,54,0
ham,0,0,70,0
ham,0,0,91,0
ham,0,0,160,0
ham,0,0,94,0
ham,0,0,27,0
spam,1,2,149,0
ham,0,0,60,0
ham,0,0,29,0
ham,0,1,74,0
spam,0,1,141,1
ham,0,0,58,0
ham,0,0,159,0
spam,0,2,137,1
ham,0,0,122,0
ham,0,0,145,0
ham,0,0,44,0
ham,0,0,29,0
ham,0,0,122,0
ham,0,0,49,0
spam,0,0,160,1
ham,0,0,26,0
ham,0,0,54,0
ham,0,0,65,0
ham,0,0,110,0
ham,0,0,160,0
ham,0,0,33,0
ham,0,0,35,0
ham,0,0,34,0
ham,0,0,82,0
ham,0,1,35,0
ham,0,1,89,0
ham,0,0,25,0
ham,0,0,79,0
spam,0,0,131,0
ham,0,1,235,0
spam,0,3,162,1
ham,0,0,48,0
ham,0,1,60,0
ham,0,0,29,0
ham,0,0,25,0
ham,0,0,44,0
ham,0,0,31,0
ham,0,0,154,0
ham,0,0,32,0
ham,0,0,37,0
ham,0,0,55,0
ham,0,0,36,0
ham,0,0,88,0
ham,0,0,34,0
spam,0,2,114,1
ham,0,0,81,0
ham,0,0,53,0
ham,0,0,66,0
ham,0,0,151,0
ham,0,0,132,0
ham,0,0,48,0
ham,0,0,205,0
spam,1,2,153,1
spam,0,1,151,1
ham,0,0,171,0
ham,0,0,88,0
ham,0,0,41,0
ham,0,0,18,0
ham,0,0,34,0
ham,0,0,91,0
ham,0,0,163,0
ham,0,0,53,0
spam,0,1,168,1
spam,1,1,132,1
ham,0,0,29,0
ham,0,1,34,0
ham,0,0,132,0
ham,0,0,37,0
ham,0,1,57,0
ham,0,0,165,0
spam,0,1,160,1
ham,0,0,26,0
ham,0,0,56,0
ham,0,0,134,0
ham,0,0,39,0
ham,0,1,146,0
ham,0,0,303,0
ham,0,0,62,0
ham,0,0,45,0
ham,0,0,44,0
spam,0,0,152,1
ham,0,0,25,0
ham,0,0,34,0
ham,0,0,33,0
spam,0,0,158,1
ham,0,0,50,0
ham,0,0,28,0
ham,0,0,83,0
ham,0,0,25,0
ham,0,0,118,0
ham,0,0,59,0
ham,0,1,105,0
ham,0,2,121,0
ham,0,0,224,0
ham,0,0,207,0
ham,0,0,117,0
spam,0,4,161,1
ham,0,0,42,0
ham,0,0,39,0
ham,0,0,51,0
ham,0,0,80,0
ham,0,0,63,0
ham,0,0,171,0
ham,0,0,54,0
ham,0,0,25,0
ham,0,2,155,0
ham,0,0,78,0
ham,0,0,33,0
ham,0,0,98,0
ham,0,0,27,0
spam,0,0,52,1
ham,0,0,38,0
ham,0,0,32,0
spam,1,3,110,1
ham,0,1,69,0
spam,0,1,162,1
ham,0,0,51,0
spam,0,1,165,1
ham,0,0,27,0
spam,0,2,140,1
ham,0,1,251,0
ham,0,0,28,0
ham,0,0,30,0
ham,0,0,40,0
ham,0,0,72,0
ham,0,1,153,0
ham,0,0,27,0
ham,0,0,83,0
spam,0,0,160,1
ham,0,0,28,0
ham,0,0,76,0
ham,0,1,92,0
ham,0,0,61,0
ham,0,0,39,0
ham,0,1,79,0
ham,0,0,50,0
ham,0,0,107,0
ham,0,0,41,0
ham,0,0,72,0
ham,0,0,25,0
ham,0,0,125,0
ham,0,0,97,0
ham,0,0,73,0
ham,0,0,76,0
ham,0,0,45,0
ham,0,0,20,0
ham,0,0,16,0
ham,0,0,48,0
ham,0,0,60,0
ham,0,0,108,0
spam,0,1,167,1
ham,0,0,50,0
ham,0,0,120,0
ham,0,0,161,0
ham,0,0,82,0
ham,0,0,145,0
ham,0,0,65,0
ham,0,0,74,0
spam,0,0,178,0
ham,0,0,32,0
ham,0,0,32,0
ham,0,0,151,0
ham,0,0,86,0
ham,0,0,40,0
ham,0,0,47,0
ham,0,0,48,0
spam,0,1,164,1
ham,0,0,53,0
ham,0,0,301,0
spam,0,2,162,0
ham,0,0,128,0
ham,0,0,54,0
ham,0,0,31,0
ham,0,0,37,0
ham,0,0,49,0
ham,0,0,84,0
ham,0,0,31,0
ham,0,0,93,0
ham,0,0,21,0
ham,0,0,57,0
ham,0,0,58,0
ham,0,1,48,0
spam,1,4,149,1
ham,0,0,43,0
ham,0,0,110,0
ham,0,1,53,0
ham,0,0,123,0
spam,0,0,163,1
ham,0,0,35,0
ham,0,0,37,0
ham,0,0,35,0
ham,0,0,19,0
ham,0,0,70,0
ham,0,0,58,0
ham,0,0,46,0
ham,0,0,26,0
ham,0,2,152,0
ham,0,0,24,0
ham,0,0,26,0
ham,0,0,43,0
spam,0,3,173,1
ham,0,0,120,0
ham,0,0,65,0
ham,0,0,169,0
ham,0,0,27,0
ham,0,1,139,0
ham,0,0,102,0
ham,0,0,48,0
ham,0,0,26,0
ham,0,0,28,0
spam,0,2,151,1
ham,0,0,29,0
spam,0,2,149,0
spam,1,0,92,0
ham,0,0,171,0
ham,0,0,120,0
ham,0,0,49,0
ham,0,0,29,0
ham,0,0,31,0
ham,0,0,35,0
spam,0,3,148,0
ham,0,1,60,0
spam,0,2,163,1
ham,0,0,45,0
spam,0,0,114,0
ham,0,0,39,0
spam,0,1,149,1
ham,0,0,53,0
ham,0,0,36,0
ham,0,0,18,0
ham,0,0,180,0
ham,0,0,163,0
ham,0,0,66,0
ham,0,0,87,0
ham,0,0,87,0
ham,0,0,60,0
spam,1,2,99,0
ham,0,0,172,0
ham,0,0,79,0
ham,0,0,50,0
ham,0,0,133,0
ham,0,0,26,0
ham,0,0,152,0
ham,0,0,35,0
ham,0,0,25,0
ham,0,0,104,0
ham,0,0,284,0
ham,0,0,57,0
ham,0,0,123,0
ham,0,0,141,0
ham,0,0,138,0
ham,0,0,69,0
ham,0,0,43,0
ham,0,0,43,0
ham,0,0,73,0
ham,0,2,163,0
ham,0,1,29,0
ham,0,0,35,0
ham,0,0,54,0
spam,0,3,163,1
ham,0,0,149,0
ham,0,0,106,0
ham,0,0,48,0
ham,0,0,145,0
ham,0,0,95,0
ham,0,0,29,0
ham,0,0,137,0
ham,0,0,40,0
ham,0,0,25,0
ham,0,0,25,0
ham,0,0,36,0
spam,0,2,72,0
ham,0,0,112,0
ham,0,0,39,0
spam,0,1,103,1
ham,0,0,143,0
ham,0,0,54,0
ham,0,0,49,0
spam,0,4,152,1
ham,0,0,66,0
ham,0,0,98,0
ham,0,0,72,0
ham,0,0,113,0
ham,0,0,58,0
ham,0,0,30,0
ham,0,0,37,0
spam,1,3,130,1
spam,0,1,145,1
spam,0,1,151,1
ham,0,0,27,0
ham,0,0,150,0
ham,0,0,27,0
ham,0,0,32,0
spam,0,0,89,0
ham,0,0,90,0
ham,0,0,41,0
ham,0,0,107,0
ham,0,0,62,0
ham,0,0,41,0
ham,0,0,41,0
ham,0,0,25,0
ham,0,0,28,0
spam,0,0,138,1
ham,0,0,90,0
ham,0,0,22,0
ham,0,0,69,0
spam,0,1,143,1
ham,0,1,159,0
ham,0,0,25,0
ham,0,0,110,0
ham,0,0,68,0
ham,0,0,152,0
ham,0,0,140,0
ham,0,0,28,0
ham,0,0,63,0
ham,0,0,106,0
ham,0,0,40,0
ham,0,0,61,0
ham,0,0,90,0
ham,0,0,61,0
ham,0,0,126,0
ham,0,0,70,0
ham,0,0,69,0
ham,0,0,105,0
spam,0,1,133,1
spam,0,2,153,1
ham,0,0,38,0
ham,0,0,11,0
ham,0,1,65,0
ham,0,0,61,0
spam,1,1,146,1
ham,0,0,23,0
ham,0,0,103,0
ham,0,0,54,0
ham,0,0,39,0
ham,0,0,56,0
ham,0,0,91,0
ham,0,0,136,0
ham,0,0,39,0
ham,0,0,40,0
ham,0,0,130,0
ham,0,0,95,0
ham,0,0,83,0
spam,0,1,139,1
ham,0,0,38,0
spam,0,2,100,0
ham,0,0,69,0
ham,0,0,122,0
ham,0,0,68,0
ham,0,0,29,0
ham,0,0,31,0
ham,0,0,48,0
ham,0,1,160,0
ham,0,0,39,0
ham,0,0,97,0
spam,0,0,62,1
ham,0,0,143,0
ham,0,0,25,0
ham,0,0,60,0
ham,0,0,46,0
ham,0,0,64,0
ham,0,1,59,0
ham,0,0,57,0
ham,0,0,40,0
ham,0,0,28,0
ham,0,1,24,0
ham,0,0,39,0
spam,0,1,97,1
spam,0,3,157,1
ham,0,1,156,0
ham,0,0,49,0
ham,0,0,37,0
ham,0,0,83,0
ham,0,0,72,0
ham,0,0,27,0
ham,0,0,111,0
ham,0,0,49,0
ham,0,0,33,0
ham,0,0,25,0
spam,0,2,161,1
ham,0,0,90,0
ham,0,0,33,0
ham,0,0,146,0
ham,0,0,172,0
ham,0,0,45,0
spam,0,2,114,1
ham,0,0,21,0
ham,0,0,112,0
ham,0,0,79,0
ham,0,0,76,0
ham,0,0,95,0
ham,0,0,39,0
ham,0,0,57,0
ham,0,0,81,0
ham,0,0,33,0
ham,0,3,43,0
ham,0,0,32,0
ham,0,0,25,0
ham,0,0,80,0
ham,0,0,112,0
ham,0,1,78,0
ham,0,0,79,0
ham,0,0,33,0
ham,0,0,52,0
spam,1,1,158,0
spam,0,0,163,1
ham,0,0,319,0
ham,0,0,198,0
spam,0,0,40,1
ham,0,0,128,0
ham,0,0,51,0
ham,0,0,42,0
spam,0,3,166,1
ham,0,1,124,0
spam,0,3,150,1
ham,0,0,165,0
ham,0,0,32,0
ham,0,0,41,0
ham,0,0,28,0
ham,0,0,43,0
ham,0,0,229,0
ham,0,0,73,0
ham,0,0,143,0
ham,0,0,50,0
ham,0,0,66,0
ham,0,0,20,0
spam,0,0,104,0
ham,0,0,44,0
ham,0,1,83,0
ham,0,1,140,0
ham,0,0,106,0
ham,0,0,32,0
ham,0,0,54,0
spam,0,1,152,1
ham,0,0,28,0
ham,0,0,152,0
ham,0,0,41,0
ham,0,0,65,0
ham,0,0,184,0
ham,0,0,37,0
ham,0,0,50,0
ham,0,0,43,0
ham,0,0,113,0
spam,0,0,135,1
ham,0,0,104,0
ham,0,0,45,0
spam,0,0,105,0
spam,0,0,68,0
ham,0,0,30,0
ham,0,0,34,0
ham,0,0,85,0
ham,0,0,26,0
ham,0,0,62,0
ham,0,0,136,0
ham,0,0,36,0
ham,0,0,98,0
spam,0,0,99,0
ham,0,0,138,0
spam,0,3,164,1
ham,0,0,154,0
ham,0,0,78,0
spam,0,2,154,1
ham,0,0,106,0
ham,0,0,25,0
ham,0,1,54,0
ham,0,0,140,0
ham,0,0,61,0
ham,0,0,92,0
ham,0,0,84,0
ham,0,0,60,0
ham,0,0,29,0
ham,0,0,35,0
ham,0,0,148,0
ham,0,0,125,0
ham,0,1,146,0
ham,0,0,26,0
ham,0,1,139,0
ham,0,0,97,0
ham,0,0,11,0
spam,0,0,102,0
ham,0,0,68,0
ham,0,0,74,0
ham,0,0,120,0
spam,0,2,132,0
spam,0,1,161,1
ham,0,0,31,0
ham,0,0,153,0
ham,0,0,34,0
ham,0,0,75,0
ham,0,0,73,0
ham,0,0,97,0
ham,0,0,51,0
spam,0,0,163,0
ham,0,0,101,0
ham,0,1,34,0
ham,0,0,46,0
spam,0,1,157,1
ham,0,0,74,0
spam,1,3,165,1
spam,0,3,146,1
ham,0,0,28,0
ham,0,0,25,0
ham,0,0,51,0
ham,0,0,36,0
ham,0,0,47,0
ham,0,0,50,0
ham,0,0,29,0
ham,0,0,115,0
spam,1,2,153,1
ham,0,0,22,0
spam,0,2,136,0
ham,0,0,51,0
ham,0,0,110,0
ham,0,0,41,0
ham,0,0,30,0
ham,0,0,132,0
ham,0,0,134,0
ham,0,1,26,0
spam,1,1,159,1
spam,0,1,164,1
ham,0,0,28,0
ham,0,0,45,0
ham,0,0,30,0
ham,0,0,25,0
ham,0,0,101,0
ham,0,0,92,0
spam,0,2,150,1
ham,0,1,133,0
spam,1,1,155,1
ham,0,1,218,0
ham,0,0,29,0
ham,0,0,69,0
spam,0,3,152,1
ham,0,0,375,0
spam,0,3,158,1
spam,0,2,165,1
ham,0,0,85,0
ham,0,0,76,0
ham,0,0,79,0
spam,0,1,156,1
ham,0,0,27,0
ham,0,0,234,0
ham,0,0,90,0
ham,0,1,75,0
ham,0,0,108,0
spam,0,2,163,1
ham,0,0,57,0
ham,0,0,61,0
ham,0,0,57,0
ham,0,0,121,0
ham,0,0,91,0
spam,0,2,147,1
ham,0,0,32,0
ham,0,1,139,0
ham,0,0,26,0
ham,0,0,42,0
ham,0,0,38,0
ham,0,0,27,0
ham,0,1,98,0
ham,0,0,76,0
ham,0,0,48,0
spam,1,0,164,1
ham,0,0,162,0
spam,0,1,152,1
spam,0,0,137,0
spam,0,1,157,1
ham,0,0,95,0
ham,0,0,105,0
ham,0,1,34,0
ham,0,0,80,0
ham,0,0,142,0
spam,0,0,161,1
ham,0,0,47,0
spam,0,2,140,1
spam,0,1,135,1
spam,0,1,146,1
spam,1,0,130,0
ham,0,0,279,0
ham,0,0,81,0
ham,0,0,30,0
ham,0,0,82,0
ham,0,0,27,0
ham,0,0,55,0
ham,0,0,71,0
ham,0,0,27,0
ham,0,0,47,0
ham,0,0,27,0
ham,0,0,58,0
ham,0,0,65,0
ham,0,1,107,0
ham,0,0,90,0
ham,0,0,153,0
ham,0,0,52,0
ham,0,0,157,0
ham,0,0,59,0
spam,0,2,161,1
ham,0,0,129,0
ham,0,0,46,0
ham,0,0,80,0
ham,0,0,52,0
ham,0,0,87,0
ham,0,1,52,0
spam,0,2,165,1
ham,0,0,82,0
ham,0,0,34,0
spam,0,0,158,1
ham,0,0,149,0
ham,0,0,26,0
ham,0,0,163,0
ham,0,0,65,0
ham,0,0,42,0
ham,0,0,70,0
ham,0,0,76,0
ham,0,0,151,0
ham,0,0,91,0
ham,0,0,40,0
ham,0,0,26,0
ham,0,0,59,0
ham,0,0,56,0
ham,0,0,76,0
ham,0,0,83,0
ham,0,0,47,0
ham,0,0,95,0
ham,0,0,38,0
ham,0,0,26,0
spam,0,4,143,1
ham,0,1,109,0
ham,0,0,106,0
ham,0,0,37,0
ham,0,0,80,0
spam,0,0,162,1
ham,0,0,29,0
ham,0,0,50,0
ham,0,0,27,0
spam,0,1,152,1
ham,0,0,136,0
ham,0,0,129,0
ham,0,0,81,0
spam,0,2,135,0
ham,0,1,119,0
ham,0,1,224,0
ham,0,0,62,0
spam,0,1,140,1
ham,0,0,146,0
ham,0,0,27,0
ham,0,0,41,0
ham,0,0,45,0
ham,0,0,27,0
ham,0,0,162,0
ham,0,0,50,0
spam,0,0,44,0
ham,0,1,125,0
ham,0,0,129,0
ham,0,0,29,0
ham,0,1,117,0
ham,0,0,10,0
ham,0,0,37,0
spam,0,4,160,1
ham,0,0,95,0
ham,0,0,93,0
ham,0,0,25,0
ham,0,0,88,0
ham,0,0,66,0
ham,0,0,223,0
ham,0,0,44,0
ham,0,0,63,0
ham,0,0,91,0
ham,0,0,34,0
ham,0,0,40,0
ham,0,0,31,0
ham,0,0,27,0
ham,0,0,121,0
ham,0,0,25,0
ham,0,0,213,0
ham,0,0,53,0
ham,0,0,52,0
ham,0,0,90,0
ham,0,0,64,0
spam,0,0,144,1
ham,0,0,57,0
ham,0,0,31,0
ham,0,0,52,0
ham,0,0,56,0
ham,0,0,148,0
ham,0,0,165,1
ham,0,0,56,0
ham,0,0,15,0
ham,0,0,145,0
ham,0,0,76,0
ham,0,1,132,0
ham,0,0,36,0
ham,0,0,50,0
ham,0,0,75,0
ham,0,0,151,0
ham,0,0,110,0
ham,0,0,44,0
ham,0,0,26,0
spam,0,2,152,0
ham,0,0,107,0
ham,0,0,48,0
ham,0,0,29,0
ham,0,0,40,0
spam,0,0,153,1
ham,0,0,135,0
ham,0,0,66,0
ham,0,0,111,0
ham,0,0,96,0
ham,0,0,46,0
ham,0,0,49,0
ham,0,0,59,0
ham,0,0,40,0
ham,0,0,127,0
spam,1,3,161,1
ham,0,0,41,0
ham,0,0,56,0
ham,0,0,34,0
ham,0,0,227,0
spam,0,0,159,1
ham,0,0,27,0
ham,0,0,27,0
ham,0,0,55,0
ham,0,0,51,0
ham,0,0,31,0
ham,0,0,46,0
ham,0,0,52,0
ham,0,0,29,0
ham,0,0,61,0
ham,0,0,20,0
ham,0,0,29,0
ham,0,0,130,0
ham,0,0,106,0
ham,0,0,160,0
ham,0,0,37,0
ham,0,0,131,0
ham,0,0,157,0
ham,0,0,54,0
ham,0,0,63,0
ham,0,0,33,0
ham,0,0,44,0
ham,0,0,106,0
spam,0,1,104,1
ham,0,0,22,0
ham,0,0,117,0
spam,0,1,107,0
ham,0,0,81,0
spam,0,0,138,1
ham,0,0,44,0
ham,0,0,49,0
ham,0,0,139,0
ham,0,0,49,0
ham,0,0,160,0
ham,0,0,27,0
ham,0,0,20,0
ham,0,0,23,0
ham,0,0,87,0
spam,0,2,156,1
ham,0,0,66,0
ham,0,1,158,0
ham,0,0,125,0
spam,1,1,146,0
ham,0,0,53,0
ham,0,0,28,0
ham,0,0,47,0
ham,0,0,68,0
spam,0,1,137,1
ham,0,0,24,0
ham,0,0,50,0
spam,0,4,160,1
spam,0,2,93,1
ham,0,0,138,0
ham,0,0,42,0
ham,0,0,86,0
ham,0,0,47,0
ham,0,0,31,0
ham,0,0,27,0
ham,0,0,70,0
ham,0,0,70,0
ham,0,0,36,0
ham,0,0,27,0
ham,0,0,122,0
ham,0,0,913,0
ham,0,0,161,0
ham,0,0,38,0
ham,0,0,27,0
spam,0,1,156,1
ham,0,0,56,0
spam,0,3,150,1
ham,0,0,75,0
ham,0,0,22,0
ham,0,0,191,0
ham,0,0,74,0
ham,0,0,26,0
spam,0,1,145,1
ham,0,0,163,0
ham,0,0,76,0
ham,0,0,109,0
ham,0,0,83,0
ham,0,0,108,0
ham,0,0,46,0
ham,0,0,71,0
spam,1,1,162,0
ham,0,0,35,0
ham,0,0,162,0
ham,0,1,143,0
ham,0,0,104,0
ham,0,0,34,0
ham,0,0,26,0
ham,0,0,61,0
ham,0,0,40,0
ham,0,0,64,0
ham,0,0,63,0
ham,0,0,57,0
ham,0,0,72,0
spam,0,1,73,1
ham,0,0,75,0
spam,0,3,159,1
ham,0,0,43,0
spam,0,3,156,1
ham,0,0,39,0
ham,0,0,38,0
ham,0,0,37,0
spam,1,1,159,1
ham,0,0,82,0
ham,0,0,125,0
spam,0,1,108,1
ham,0,0,67,0
ham,0,0,28,0
ham,0,0,25,0
ham,0,0,38,0
ham,0,0,159,0
ham,0,0,61,0
ham,0,0,34,0
spam,0,0,123,1
ham,0,0,27,0
ham,0,0,20,0
ham,0,2,155,0
ham,0,0,44,0
spam,0,1,161,1
ham,0,0,83,0
ham,0,0,88,0
ham,0,0,118,0
spam,0,3,118,1
ham,0,0,28,0
ham,0,0,48,0
ham,0,0,73,0
ham,0,0,25,0
ham,0,1,46,0
ham,0,0,25,0
ham,0,0,25,0
spam,0,1,143,1
ham,0,0,75,0
ham,0,0,94,0
ham,0,0,73,0
ham,0,0,143,0
ham,0,0,34,0
ham,0,0,55,0
ham,0,0,43,0
ham,0,0,26,0
spam,0,5,158,1
ham,0,0,148,0
ham,0,0,57,0
ham,0,0,46,0
ham,0,0,33,0
ham,0,0,42,0
ham,0,0,74,0
ham,0,0,149,0
ham,0,0,76,0
spam,0,1,162,1
ham,0,0,26,0
ham,0,0,29,0
ham,0,0,62,0
ham,0,1,153,0
ham,0,0,170,0
ham,0,0,29,0
ham,0,0,69,0
ham,0,0,38,0
ham,0,0,29,0
ham,0,0,29,0
ham,0,0,52,0
ham,0,0,41,0
ham,0,0,39,0
ham,0,0,21,0
ham,0,0,51,0
ham,0,0,71,0
ham,0,0,76,0
ham,0,0,52,0
ham,0,0,16,0
ham,0,0,66,0
ham,0,0,136,0
spam,0,1,158,1
ham,0,0,16,0
spam,0,0,52,1
ham,0,0,77,0
ham,0,0,51,0
ham,0,0,141,0
ham,0,0,167,0
ham,0,0,43,0
ham,0,0,23,0
ham,0,0,64,0
ham,0,0,64,0
spam,1,2,150,1
ham,0,0,133,0
spam,0,2,151,1
ham,0,0,40,0
ham,0,0,34,0
ham,0,0,30,0
ham,0,0,44,0
ham,0,0,52,0
ham,0,0,55,0
ham,0,0,127,0
ham,0,2,66,0
ham,0,0,88,0
spam,0,0,53,1
ham,0,0,73,0
ham,0,0,58,0
ham,0,0,122,0
spam,0,2,146,1
ham,0,0,25,0
ham,0,0,46,0
ham,0,0,49,0
spam,0,1,149,1
ham,0,0,78,0
spam,1,1,162,0
ham,0,0,46,0
spam,1,1,126,1
ham,0,0,34,0
ham,0,0,79,0
ham,0,0,54,0
ham,0,0,30,0
ham,0,0,37,0
ham,0,0,132,0
ham,0,1,139,0
ham,0,0,27,0
ham,0,0,36,0
ham,0,0,66,0
ham,0,0,99,0
ham,0,1,56,0
ham,0,0,62,0
ham,0,0,55,0
ham,0,0,48,0
ham,0,0,37,0
ham,0,1,56,0
ham,0,0,114,0
ham,0,0,63,0
ham,0,0,155,0
ham,0,1,58,0
ham,0,0,87,0
spam,0,2,84,1
ham,0,0,90,0
ham,0,0,87,0
ham,0,0,29,0
ham,0,0,61,0
ham,0,0,49,0
ham,0,0,46,0
ham,0,0,27,0
ham,0,1,100,0
ham,0,0,73,0
ham,0,0,182,0
spam,0,0,123,1
ham,0,0,57,0
ham,0,0,29,0
ham,0,0,159,0
ham,0,0,129,0
ham,0,0,51,0
spam,0,0,150,1
ham,0,0,43,0
ham,0,2,84,0
ham,0,0,119,0
ham,0,0,8,0
spam,0,0,69,1
ham,0,1,84,0
ham,0,0,23,0
ham,0,0,16,0
ham,0,0,40,0
ham,0,0,69,0
ham,0,0,72,0
ham,0,0,58,0
ham,0,0,48,0
ham,0,0,163,0
ham,0,0,28,0
ham,0,0,31,0
ham,0,0,43,0
ham,0,0,159,0
ham,0,0,141,0
ham,0,0,27,0
ham,0,0,73,0
ham,0,0,65,0
ham,0,0,89,0
ham,0,0,177,0
ham,0,0,51,0
ham,0,0,51,0
ham,0,0,28,0
ham,0,0,57,0
ham,0,0,41,0
ham,0,1,49,0
ham,0,0,67,0
ham,0,0,136,0
ham,0,0,39,0
ham,0,0,135,0
ham,0,1,54,0
ham,0,0,51,0
ham,0,0,65,0
spam,0,0,166,1
spam,1,1,158,0
ham,0,0,51,0
ham,0,1,42,0
ham,0,0,106,0
ham,0,0,86,0
ham,0,1,87,0
ham,0,0,42,0
ham,0,0,125,0
ham,0,0,157,0
ham,0,0,39,0
spam,0,2,143,0
ham,0,0,8,0
ham,0,0,33,0
ham,0,0,60,0
ham,0,0,57,0
ham,0,0,37,0
ham,0,0,88,0
ham,0,0,142,0
ham,0,0,38,0
ham,0,0,34,0
spam,0,1,129,1
ham,0,0,51,0
ham,0,0,97,0
ham,0,0,30,0
ham,0,0,31,0
ham,0,0,44,0
ham,0,0,45,0
ham,0,0,153,0
ham,0,0,165,0
ham,0,0,85,0
ham,0,0,48,0
ham,0,0,59,0
ham,0,0,44,0
ham,0,0,26,0
ham,0,0,115,0
ham,0,0,41,0
ham,0,0,163,0
ham,0,0,35,0
ham,0,0,50,0
ham,0,0,85,0
ham,0,0,28,0
ham,0,0,54,0
spam,0,1,158,1
ham,0,0,25,0
ham,0,0,33,0
ham,0,0,124,0
ham,0,0,56,0
ham,0,0,87,0
ham,0,0,27,0
ham,0,0,84,0
ham,0,0,155,0
ham,0,0,134,0
ham,0,0,330,0
ham,0,0,52,0
ham,0,0,68,0
ham,0,0,32,0
ham,0,1,210,0
ham,0,0,117,0
spam,0,0,104,1
ham,0,0,52,0
ham,0,0,111,0
ham,0,0,39,0
ham,0,0,35,0
ham,0,0,53,0
ham,0,0,83,0
ham,0,1,144,0
spam,0,0,154,1
spam,1,1,157,1
ham,0,0,26,0
ham,0,0,43,0
spam,0,1,162,1
ham,0,0,28,0
spam,0,2,146,1
ham,0,0,25,0
ham,0,0,158,0
ham,0,0,75,0
ham,0,0,206,0
ham,0,1,330,0
ham,0,0,118,0
ham,0,0,30,0
ham,0,0,142,0
ham,0,0,49,0
ham,0,0,118,0
ham,0,0,158,0
ham,0,0,38,0
ham,0,0,85,0
ham,0,0,10,0
ham,0,0,39,0
ham,0,0,76,0
ham,0,0,27,0
ham,0,0,52,0
ham,0,1,51,0
ham,0,0,158,0
ham,0,0,96,0
ham,0,1,102,0
ham,0,0,158,0
ham,0,0,51,0
ham,0,0,45,0
ham,0,0,27,0
spam,0,1,166,0
ham,0,0,33,0
ham,0,0,47,0
ham,0,0,27,0
ham,0,0,37,0
ham,0,0,147,0
ham,0,0,182,0
spam,0,2,146,1
ham,0,0,55,0
ham,0,0,85,0
ham,0,0,42,0
ham,0,0,83,0
ham,0,0,38,0
ham,0,0,85,0
ham,0,0,44,0
ham,0,0,30,0
spam,1,2,155,1
ham,0,0,35,0
ham,0,1,36,0
ham,0,0,44,0
ham,0,0,8,0
ham,0,0,129,0
ham,0,0,170,0
spam,0,0,74,0
ham,0,0,144,0
ham,0,0,127,0
ham,0,0,41,0
ham,0,0,66,0
ham,0,0,50,0
ham,0,0,25,0
ham,0,0,118,0
ham,0,0,74,0
ham,0,0,37,0
ham,0,0,75,0
ham,0,0,137,0
ham,0,0,29,0
ham,0,0,41,0
spam,1,3,144,1
ham,0,0,28,0
ham,0,0,30,0
ham,0,0,162,0
ham,0,0,110,0
spam,0,0,145,1
ham,0,0,16,0
ham,0,1,28,0
ham,0,0,68,0
ham,0,0,36,0
ham,0,0,26,0
ham,0,0,56,0
spam,0,2,162,0
ham,0,1,107,0
spam,0,0,157,1
ham,0,2,152,0
spam,0,1,84,0
ham,0,0,147,0
ham,0,0,54,0
spam,0,3,156,1
ham,0,0,117,0
ham,0,0,134,0
spam,0,2,162,1
ham,0,0,177,0
ham,0,0,45,0
spam,0,1,164,1
ham,0,1,156,0
ham,0,0,40,0
ham,0,0,64,0
ham,0,0,77,0
ham,0,0,96,0
ham,0,0,144,0
ham,0,1,88,0
ham,0,0,81,0
ham,0,0,36,0
ham,0,0,93,0
ham,0,1,150,0
ham,0,0,36,0
ham,0,0,35,0
ham,0,0,8,0
ham,0,1,152,0
ham,0,0,25,0
ham,0,0,135,0
ham,0,0,157,0
ham,0,0,34,0
ham,0,0,54,0
ham,0,0,21,0
ham,0,0,175,0
spam,1,2,133,1
ham,0,0,79,0
ham,0,0,81,0
ham,0,0,115,0
ham,0,0,61,0
ham,0,2,161,0
ham,0,0,63,0
ham,0,0,157,0
spam,0,3,157,0
ham,0,0,37,0
spam,0,0,125,1
ham,0,0,29,0
ham,0,0,34,0
ham,0,0,29,0
ham,0,0,67,0
spam,0,1,124,0
ham,0,0,182,0
ham,0,0,59,0
ham,0,0,151,0
ham,0,0,93,0
ham,0,0,113,0
ham,0,1,461,0
ham,0,0,39,0
ham,0,0,31,0
ham,0,1,36,0
ham,0,0,54,0
spam,0,0,160,0
ham,0,0,48,0
ham,0,0,40,0
spam,0,3,162,0
ham,0,0,42,0
ham,0,0,99,0
ham,0,0,18,0
ham,0,0,32,0
ham,0,0,35,0
ham,0,0,155,0
ham,0,0,32,0
ham,0,0,39,0
ham,0,0,57,0
ham,0,0,32,0
ham,0,0,50,0
ham,0,0,175,0
ham,0,0,35,0
ham,0,0,25,0
spam,0,2,153,1
ham,0,0,94,0
ham,0,0,56,0
ham,0,0,27,0
ham,0,0,124,0
ham,0,0,39,0
ham,0,2,215,0
ham,0,0,28,0
spam,1,1,159,0
ham,0,0,62,0
ham,0,0,158,0
ham,0,0,40,0
ham,0,0,82,0
ham,0,0,27,0
ham,0,0,53,0
ham,0,0,78,0
ham,0,1,44,0
ham,0,0,11,0
ham,0,0,39,0
ham,0,0,34,0
ham,0,0,76,0
ham,0,0,130,0
ham,0,0,17,0
ham,0,1,100,0
ham,0,0,128,0
ham,0,0,95,0
ham,0,0,66,0
ham,0,0,61,0
ham,0,0,49,0
ham,0,0,29,0
ham,0,0,146,0
ham,0,0,32,0
ham,0,0,34,0
ham,0,0,159,0
ham,0,0,40,0
ham,0,0,66,0
ham,0,0,36,0
spam,0,1,148,1
spam,0,2,152,1
ham,0,0,107,0
ham,0,0,61,0
ham,0,0,65,0
ham,0,0,187,0
ham,0,0,614,0
ham,0,0,64,0
ham,0,0,65,0
ham,0,0,67,0
ham,0,0,50,0
ham,0,0,95,0
ham,0,0,25,0
ham,0,0,341,0
ham,0,0,89,0
ham,0,0,162,0
ham,0,0,33,0
ham,0,0,108,0
ham,0,0,151,0
ham,0,0,33,0
ham,0,0,55,0
spam,0,1,139,1
ham,0,0,155,0
ham,0,0,46,0
spam,0,1,149,1
spam,0,2,147,1
ham,0,0,38,0
ham,0,0,50,0
ham,0,0,28,0
ham,0,0,130,0
ham,0,0,28,0
ham,0,0,146,0
ham,0,0,131,0
ham,0,0,27,0
ham,0,0,46,0
ham,0,0,102,0
ham,0,0,155,0
ham,0,0,40,0
ham,0,0,35,0
ham,0,0,6,0
spam,1,0,156,1
ham,0,0,31,0
ham,0,0,58,0
ham,0,0,31,0
ham,0,0,124,0
ham,0,0,32,0
ham,0,0,118,0
ham,0,0,42,0
ham,0,0,157,0
ham,0,0,151,0
spam,0,1,135,1
ham,0,0,47,0
spam,0,2,74,1
ham,0,1,159,0
ham,0,0,28,0
spam,0,0,150,1
ham,0,0,44,0
ham,0,0,86,0
ham,0,0,48,0
ham,0,0,76,0
ham,0,0,161,0
ham,0,0,50,0
spam,1,0,164,0
ham,0,0,162,0
ham,0,0,168,0
spam,0,1,159,0
ham,0,0,40,0
spam,0,2,163,1
ham,0,1,44,0
ham,0,0,139,0
ham,0,0,27,0
ham,0,0,38,0
ham,0,0,28,0
ham,0,0,34,0
ham,0,0,39,0
ham,0,0,135,0
ham,0,0,159,0
ham,0,0,33,0
ham,0,0,121,0
ham,0,0,85,0
spam,1,2,126,1
ham,0,1,150,0
ham,0,0,78,0
ham,0,0,25,0
ham,0,0,93,0
ham,0,0,64,0
spam,0,2,151,1
ham,0,0,31,0
ham,0,0,45,0
ham,0,0,78,0
spam,0,0,163,1
ham,0,0,30,0
ham,0,0,17,0
ham,0,0,132,0
ham,0,0,76,0
ham,0,0,91,0
ham,0,0,30,0
ham,0,0,151,0
ham,0,0,14,0
ham,0,1,26,0
spam,0,4,161,1
spam,0,0,76,1
ham,0,0,28,0
ham,0,0,148,0
ham,0,0,54,0
ham,0,0,43,0
ham,0,0,159,0
ham,0,0,127,0
ham,0,0,21,0
ham,0,0,9,0
ham,0,0,129,0
ham,0,0,49,0
ham,0,0,33,0
ham,0,0,38,0
spam,0,2,177,1
spam,0,3,117,1
ham,0,0,35,0
ham,0,0,26,0
spam,0,2,129,1
ham,0,0,45,0
ham,0,0,102,0
ham,0,1,99,0
ham,0,0,77,0
ham,0,0,75,0
ham,0,0,79,0
ham,0,0,63,0
spam,0,1,151,1
ham,0,0,8,0
ham,0,0,34,0
ham,0,0,80,0
ham,0,0,36,0
ham,0,0,28,0
ham,0,0,129,0
ham,0,0,74,0
ham,0,0,78,0
ham,0,0,71,0
ham,0,0,147,0
ham,0,0,62,0
ham,0,0,63,0
ham,0,0,52,0
ham,0,0,69,0
spam,0,0,148,1
ham,0,0,27,0
ham,0,0,61,0
ham,0,0,110,0
spam,0,2,141,1
ham,0,0,56,0
ham,0,1,76,0
ham,0,2,152,0
ham,0,0,147,0
ham,0,0,66,0
ham,0,0,162,0
ham,0,0,42,0
ham,0,0,70,0
ham,0,0,134,0
ham,0,0,27,0
ham,0,0,139,0
ham,0,0,37,0
ham,0,0,30,0
ham,0,0,58,0
ham,0,0,30,0
spam,0,2,227,1
ham,0,0,42,0
ham,0,0,39,0
ham,0,0,26,0
ham,0,1,54,0
ham,0,0,37,0
ham,0,0,37,0
spam,0,1,162,1
ham,0,0,77,0
ham,0,0,149,0
ham,0,0,35,0
spam,0,0,158,1
ham,0,0,163,0
ham,0,0,89,0
ham,0,0,35,0
ham,0,0,169,0
ham,0,0,25,0
ham,0,0,29,0
ham,0,0,95,0
ham,0,0,40,0
ham,0,0,49,0
ham,0,0,65,0
ham,0,0,42,0
ham,0,0,53,0
ham,0,0,38,0
ham,0,0,24,0
ham,0,1,110,0
ham,0,0,41,0
ham,0,0,208,0
ham,0,0,161,0
ham,0,0,70,0
spam,0,1,146,1
ham,0,0,124,0
spam,0,3,165,1
ham,0,0,29,0
ham,0,0,71,0
ham,0,0,126,0
ham,0,0,64,0
ham,0,0,36,0
ham,0,0,159,0
ham,0,0,44,0
ham,0,0,53,0
ham,0,0,44,0
spam,0,0,36,0
spam,0,1,157,0
ham,0,1,156,0
spam,0,1,167,1
spam,0,0,157,1
ham,0,0,25,0
ham,0,0,56,0
ham,0,0,65,0
ham,0,0,162,0
ham,0,0,37,0
ham,0,0,154,0
ham,0,0,29,0
ham,0,0,30,0
ham,0,0,55,0
ham,0,1,103,0
ham,0,0,167,0
spam,1,4,135,1
ham,0,0,42,0
ham,0,0,35,0
ham,0,0,161,0
ham,0,0,123,0
ham,0,0,45,0
ham,0,0,49,0
ham,0,0,47,0
ham,0,0,126,0
ham,0,0,27,0
ham,0,0,32,0
ham,0,1,37,0
ham,0,0,32,0
ham,0,0,50,0
spam,0,0,159,1
ham,0,0,50,0
ham,0,0,118,0
ham,0,0,40,0
ham,0,0,67,0
ham,0,0,86,0
ham,0,1,127,0
ham,0,0,27,0
ham,0,0,92,0
ham,0,0,70,0
ham,0,0,47,0
ham,0,0,36,0
ham,0,0,31,0
ham,0,0,40,0
ham,0,0,79,0
ham,0,0,153,0
ham,0,0,48,0
ham,0,0,87,0
ham,0,0,27,0
ham,0,0,122,0
ham,0,0,335,0
ham,0,0,83,0
ham,0,0,27,0
spam,0,2,154,1
ham,0,0,37,0
ham,0,0,68,0
ham,0,0,30,0
ham,0,0,27,0
ham,0,0,56,0
ham,0,0,31,0
ham,0,0,25,0
ham,0,0,26,0
spam,0,2,164,1
ham,0,0,194,0
ham,0,0,78,0
ham,0,0,26,0
ham,0,0,32,0
ham,0,0,40,0
ham,0,0,43,0
ham,0,0,96,0
ham,0,1,110,0
spam,0,0,161,1
ham,0,0,55,0
ham,0,0,74,0
ham,0,0,57,0
ham,0,0,54,0
spam,0,3,157,1
ham,0,0,101,0
ham,0,0,92,0
ham,0,0,53,0
ham,0,0,166,0
ham,0,1,138,0
ham,0,0,35,0
ham,0,0,44,0
ham,0,0,61,0
ham,0,0,53,0
ham,0,0,793,0
ham,0,0,37,0
ham,0,0,38,0
ham,0,0,103,0
ham,0,0,49,0
ham,0,0,186,0
ham,0,0,74,0
ham,0,0,33,0
ham,0,1,37,0
ham,0,0,78,0
ham,0,0,58,0
spam,0,3,120,0
spam,0,0,87,0
spam,1,1,158,1
ham,0,0,36,0
ham,0,0,100,0
ham,0,0,36,0
spam,0,1,135,1
ham,0,0,67,0
ham,0,0,26,0
ham,0,0,35,0
ham,0,0,131,0
ham,0,0,48,0
ham,0,0,65,0
spam,0,2,158,1
spam,0,1,156,1
ham,0,0,88,0
ham,0,0,35,0
ham,0,0,92,0
ham,0,0,66,0
spam,0,0,166,1
ham,0,0,31,0
spam,0,2,159,0
ham,0,0,44,0
ham,0,0,113,0
ham,0,0,56,0
ham,0,0,34,0
ham,0,0,30,0
ham,0,0,82,0
ham,0,0,25,0
ham,0,0,43,0
spam,0,5,146,1
ham,0,0,62,0
ham,0,0,57,0
ham,0,0,87,0
ham,0,0,18,0
ham,0,0,109,0
ham,0,0,33,0
ham,0,0,111,0
ham,0,0,95,0
ham,0,0,90,0
ham,0,0,19,0
spam,0,1,161,1
ham,0,0,54,0
ham,0,1,53,0
ham,0,0,66,0
ham,0,0,37,0
ham,0,0,163,0
ham,0,0,32,0
ham,0,0,44,0
ham,0,0,71,0
ham,0,0,94,0
ham,0,0,5,0
ham,0,0,69,0
ham,0,0,138,0
ham,0,0,33,0
spam,0,1,148,1
spam,1,3,145,1
ham,0,0,38,0
ham,0,0,38,0
ham,0,0,28,0
ham,0,0,26,0
ham,0,0,35,0
ham,0,0,79,0
ham,0,0,68,0
ham,0,0,139,0
ham,0,0,58,0
spam,0,0,163,1
ham,0,0,127,0
spam,0,0,165,1
ham,0,0,49,0
ham,0,0,123,0
ham,0,0,75,0
ham,0,0,60,0
ham,0,0,57,0
ham,0,0,52,0
ham,0,1,54,0
ham,0,0,32,0
ham,0,0,40,0
ham,0,0,70,0
ham,0,0,44,0
ham,0,0,95,0
ham,0,0,33,0
ham,0,1,71,0
ham,0,0,49,0
ham,0,0,90,0
ham,0,0,98,0
ham,0,0,26,0
spam,0,0,159,1
ham,0,0,37,0
spam,0,1,77,1
ham,0,0,62,0
ham,0,1,161,0
ham,0,0,76,0
ham,0,0,79,0
ham,0,0,68,0
ham,0,0,61,0
spam,0,3,136,1
ham,0,0,17,0
ham,0,0,30,0
ham,0,1,146,0
ham,0,0,56,0
ham,0,0,55,0
ham,0,0,34,0
ham,0,0,42,0
spam,0,2,107,1
ham,0,0,86,0
ham,0,0,37,0
ham,0,0,25,0
ham,0,0,92,0
ham,0,0,64,0
ham,0,1,153,0
spam,0,1,156,1
ham,0,0,126,0
ham,0,0,27,0
ham,0,0,35,0
ham,0,0,25,0
ham,0,0,52,0
ham,0,0,111,0
ham,0,0,122,0
spam,0,1,132,1
ham,0,0,37,0
ham,0,0,41,0
ham,0,0,29,0
ham,0,0,35,0
ham,0,0,156,0
ham,0,0,120,0
ham,0,0,48,0
ham,0,0,58,0
ham,0,0,41,0
spam,0,0,146,0
ham,0,0,83,0
ham,0,0,57,0
ham,0,0,65,0
ham,0,0,55,0
ham,0,0,84,0
ham,0,1,39,0
ham,0,0,434,0
ham,0,0,65,0
ham,0,0,378,0
ham,0,0,163,0
spam,0,0,123,1
ham,0,0,55,0
ham,0,0,141,0
ham,0,0,45,0
ham,0,0,66,0
ham,0,0,25,0
ham,0,0,41,0
ham,0,0,53,0
ham,0,0,86,0
spam,1,2,161,1
ham,0,0,87,0
ham,0,0,42,0
ham,0,0,79,0
ham,0,0,56,0
ham,0,0,97,0
ham,0,0,41,0
ham,0,0,41,0
ham,0,0,78,0
ham,0,0,65,0
ham,0,0,62,0
ham,0,0,26,0
ham,0,0,40,0
ham,0,0,48,0
ham,0,0,54,0
ham,0,0,27,0
ham,0,0,46,0
ham,0,0,126,0
ham,0,0,46,0
ham,0,0,39,0
ham,0,0,49,0
spam,0,0,158,1
ham,0,0,38,0
ham,0,0,62,0
ham,0,0,35,0
ham,0,0,53,0
ham,0,0,30,0
ham,0,0,43,0
ham,0,0,40,0
ham,0,0,87,0
spam,0,0,155,1
ham,0,0,128,0
ham,0,0,48,0
ham,0,0,35,0
ham,0,0,55,0
ham,0,1,42,0
ham,0,0,35,0
ham,0,0,55,0
ham,0,0,43,0
ham,0,0,99,0
ham,0,0,34,0
spam,0,3,162,1
ham,0,0,279,0
ham,0,0,54,0
ham,0,0,29,0
ham,0,0,39,0
ham,0,0,102,0
spam,1,0,165,0
spam,0,2,152,0
ham,0,0,47,0
ham,0,0,26,0
spam,0,2,164,1
ham,0,0,66,0
ham,0,0,63,0
ham,0,0,44,0
ham,0,0,136,0
spam,0,2,33,1
ham,0,0,30,0
ham,0,0,45,0
ham,0,0,43,0
ham,0,0,20,0
ham,0,0,84,0
ham,0,0,41,0
ham,0,0,51,0
ham,0,0,38,0
ham,0,0,143,0
spam,0,3,159,1
ham,0,0,366,0
ham,0,0,43,0
ham,0,1,50,0
ham,0,0,157,0
spam,0,1,164,1
spam,0,0,147,1
ham,0,0,34,0
ham,0,0,14,0
ham,0,0,47,0
ham,0,0,91,0
spam,1,2,162,1
ham,0,0,50,0
ham,0,0,67,0
ham,0,0,27,0
ham,0,0,98,0
ham,0,0,137,0
ham,0,0,26,0
ham,0,0,35,0
ham,0,0,178,0
spam,0,1,158,1
ham,0,0,41,0
ham,0,0,38,0
ham,0,0,150,0
spam,0,2,162,0
ham,0,0,54,0
spam,0,0,164,0
ham,0,0,110,0
ham,0,0,41,0
ham,0,0,63,0
spam,1,2,163,1
ham,0,0,40,0
ham,0,0,160,0
ham,0,0,188,0
ham,0,0,31,0
spam,0,3,173,1
ham,0,0,162,0
ham,0,0,82,0
ham,0,0,43,0
ham,0,0,116,0
ham,0,0,33,0
ham,0,0,45,0
ham,0,0,44,0
ham,0,0,116,0
spam,1,1,140,1
ham,0,0,385,0
ham,0,0,90,0
ham,0,0,52,0
ham,0,0,30,0
ham,0,0,31,0
ham,0,0,29,0
ham,0,0,52,0
ham,0,0,42,0
ham,0,0,41,0
ham,0,0,34,0
ham,0,0,165,0
spam,0,2,157,0
spam,0,0,164,0
ham,0,0,28,0
ham,0,0,157,0
ham,0,0,25,0
ham,0,0,37,0
ham,0,0,48,0
ham,0,0,73,0
ham,0,0,80,0
ham,0,0,35,0
ham,0,1,53,0
ham,0,0,33,0
ham,0,0,117,0
ham,0,0,591,0
ham,0,0,117,0
spam,0,3,150,1
ham,0,0,117,0
ham,0,1,53,0
ham,0,1,144,0
ham,0,0,161,0
ham,0,0,59,0
ham,0,0,32,0
ham,0,0,42,0
ham,0,0,35,0
ham,0,0,40,0
spam,0,0,161,1
ham,0,0,164,0
ham,0,0,32,0
ham,0,0,51,0
ham,0,0,62,0
ham,0,0,32,0
ham,0,0,27,0
ham,0,0,34,0
ham,0,0,40,0
ham,0,0,196,0
ham,0,0,48,0
ham,0,0,157,0
ham,0,0,6,0
ham,0,0,35,0
ham,0,0,134,0
ham,0,0,55,0
ham,0,1,145,0
ham,0,0,107,0
ham,0,0,46,0
spam,0,1,155,1
ham,0,0,76,0
ham,0,0,108,0
ham,0,0,57,0
ham,0,0,111,0
ham,0,0,80,0
ham,0,0,45,0
ham,0,0,135,0
ham,0,0,45,0
ham,0,0,25,0
ham,0,0,33,0
ham,0,0,41,0
ham,0,0,57,0
ham,0,0,59,0
ham,0,0,69,0
ham,0,0,68,0
ham,0,0,96,0
ham,0,0,135,0
spam,0,3,162,1
ham,0,0,115,0
spam,0,1,164,1
ham,0,0,25,0
ham,0,0,71,0
ham,0,0,122,0
ham,0,0,61,0
ham,0,0,63,0
ham,0,0,57,0
ham,0,0,48,0
ham,0,0,69,0
ham,0,0,70,0
ham,0,0,80,0
spam,0,3,159,1
ham,0,0,79,0
ham,0,0,80,0
ham,0,0,178,0
spam,0,1,160,1
ham,0,0,80,0
ham,0,0,105,0
ham,0,0,42,0
ham,0,0,35,0
ham,0,0,33,0
ham,0,0,111,0
ham,0,0,144,0
ham,0,0,133,0
ham,0,0,61,0
ham,0,0,31,0
ham,0,0,80,0
ham,0,0,167,0
ham,0,0,91,0
ham,0,0,130,0
ham,0,1,113,0
ham,0,0,54,0
ham,0,0,33,0
ham,0,0,28,0
ham,0,0,99,0
ham,0,0,67,0
ham,0,0,26,0
ham,0,0,73,0
spam,0,1,184,0
spam,0,0,163,1
ham,0,0,34,0
spam,0,1,160,1
ham,0,1,116,0
ham,0,0,113,0
ham,0,0,39,0
ham,0,0,31,0
ham,0,0,26,0
ham,0,0,157,0
ham,0,0,57,0
ham,0,0,42,0
ham,0,0,157,0
ham,0,0,39,0
spam,0,0,158,0
ham,0,0,67,0
ham,0,0,39,0
spam,0,1,163,1
ham,0,0,74,0
ham,0,1,54,0
spam,1,1,125,1
ham,0,0,20,0
spam,0,0,36,1
ham,0,0,25,0
ham,0,0,29,0
ham,0,0,147,0
ham,0,0,66,0
ham,0,0,25,0
ham,0,1,92,0
ham,0,0,45,0
ham,0,0,31,0
ham,0,0,138,0
ham,0,0,81,0
ham,0,0,36,0
ham,0,0,30,0
ham,0,0,55,0
ham,0,0,32,0
ham,0,0,36,0
ham,0,0,26,0
ham,0,0,88,0
ham,0,1,104,0
ham,0,0,113,0
ham,0,1,30,0
spam,0,0,162,1
ham,0,0,61,0
ham,0,0,47,0
ham,0,0,29,0
ham,0,0,94,0
spam,0,1,51,1
ham,0,0,128,0
spam,0,1,186,1
ham,0,0,28,0
ham,0,0,72,0
spam,0,0,163,1
ham,0,0,75,0
ham,0,0,51,0
ham,0,0,31,0
ham,0,0,69,0
ham,0,0,130,0
ham,0,0,65,0
ham,0,0,29,0
spam,1,2,150,1
spam,0,3,165,1
ham,0,0,81,0
spam,0,2,154,1
spam,0,2,161,1
spam,0,0,117,0
ham,0,0,26,0
ham,0,0,88,0
ham,0,0,37,0
ham,0,0,44,0
ham,0,1,137,0
ham,0,0,28,0
ham,0,0,33,0
ham,0,0,48,0
ham,0,0,8,0
ham,0,0,26,0
ham,0,0,96,0
ham,0,0,10,0
ham,0,0,27,0
ham,0,1,132,0
spam,0,3,170,1
ham,0,0,48,0
ham,0,0,68,0
ham,0,0,51,0
ham,0,0,21,0
ham,0,0,27,0
ham,0,0,36,0
ham,0,0,28,0
ham,0,0,54,0
ham,0,0,99,0
ham,0,0,72,0
ham,0,0,28,0
ham,0,2,111,0
ham,0,0,54,0
ham,0,0,68,0
spam,0,0,163,1
ham,0,1,144,0
ham,0,0,10,0
ham,0,0,44,0
ham,0,0,70,0
ham,0,0,33,0
ham,0,0,40,0
ham,0,0,50,0
ham,0,0,39,0
spam,0,1,123,1
ham,0,0,32,0
spam,0,2,85,1
ham,0,0,39,0
ham,0,0,284,0
ham,0,0,30,0
ham,0,0,55,0
ham,0,0,69,0
spam,0,2,152,0
ham,0,0,124,0
ham,0,0,59,0
ham,0,0,95,0
spam,0,0,165,1
ham,0,0,69,0
ham,0,0,46,0
spam,0,3,161,1
ham,0,0,130,0
ham,0,0,46,0
ham,0,0,453,0
ham,0,0,105,0
ham,0,0,91,0
ham,0,0,106,0
spam,0,4,161,1
ham,0,0,27,0
ham,0,0,98,0
ham,0,0,77,0
spam,0,2,112,1
ham,1,2,161,0
ham,0,0,485,0
ham,0,0,56,0
ham,0,0,124,0
ham,0,0,34,0
ham,0,0,25,0
ham,0,0,25,0
spam,0,1,164,1
ham,0,1,41,0
ham,0,0,25,0
ham,0,0,94,0
ham,0,0,69,0
ham,0,0,194,0
ham,0,0,30,0
ham,0,0,70,0
ham,0,0,107,0
ham,0,0,99,0
ham,0,0,41,0
ham,0,0,43,0
ham,0,0,28,0
ham,0,0,27,0
ham,0,0,29,0
ham,0,0,42,0
spam,0,1,155,0
ham,0,0,57,0
ham,0,0,76,0
ham,0,0,83,0
ham,0,0,24,0
ham,0,0,151,0
ham,0,1,447,0
ham,0,0,44,0
ham,0,0,102,0
ham,0,0,37,0
ham,0,0,30,0
spam,0,1,161,1
ham,0,0,119,0
ham,0,0,27,0
ham,0,0,78,0
ham,0,0,50,0
ham,0,0,84,0
ham,0,0,118,0
spam,1,2,155,1
ham,0,0,55,0
ham,0,1,86,0
ham,0,0,44,0
ham,0,0,25,0
ham,0,0,49,0
ham,0,0,60,0
spam,0,3,161,1
ham,0,0,48,0
ham,0,1,70,0
spam,0,0,155,0
ham,0,1,29,0
ham,0,0,103,0
ham,0,0,56,0
ham,0,0,635,0
ham,0,0,238,0
ham,0,0,29,0
ham,0,0,117,0
spam,1,2,125,1
ham,0,0,48,0
ham,0,0,81,0
ham,0,0,54,0
ham,0,0,85,0
ham,0,0,31,0
ham,0,0,88,0
ham,0,0,49,0
ham,0,0,186,0
ham,0,0,25,0
ham,0,0,112,0
ham,0,0,31,0
ham,0,0,28,0
ham,0,0,26,0
ham,0,0,77,0
ham,0,0,53,0
ham,0,0,31,0
ham,0,0,47,0
ham,0,0,91,0
ham,0,0,28,0
ham,0,0,32,0
ham,0,1,42,0
ham,0,0,49,0
ham,0,0,67,0
ham,0,0,18,0
ham,0,1,129,0
ham,0,0,108,0
ham,0,0,52,0
ham,0,0,33,0
ham,0,0,26,0
ham,0,0,87,0
ham,0,0,70,0
ham,0,0,17,0
ham,0,0,71,0
ham,0,0,40,0
spam,0,1,164,1
ham,0,0,29,0
ham,0,0,87,0
ham,0,0,32,0
ham,0,0,25,0
ham,0,0,204,0
ham,0,0,140,0
spam,0,2,119,0
spam,0,1,171,1
ham,0,1,36,0
ham,0,0,104,0
ham,0,0,48,0
ham,0,1,127,0
ham,0,0,87,0
ham,0,0,45,0
ham,0,0,81,0
ham,0,0,73,0
ham,0,0,124,0
ham,0,0,84,0
ham,0,0,45,0
ham,0,0,248,0
ham,0,0,69,0
ham,0,0,142,0
spam,0,1,153,1
ham,0,0,170,0
ham,0,0,54,0
ham,0,0,58,0
ham,0,0,34,0
ham,0,0,39,0
ham,0,0,31,0
ham,0,0,309,0
ham,0,0,205,0
ham,0,0,163,0
ham,0,0,39,0
ham,0,0,23,0
ham,0,0,9,0
ham,0,0,8,0
ham,0,0,153,0
ham,0,0,77,0
ham,0,0,22,0
ham,0,0,156,0
spam,0,2,161,1
ham,0,0,48,0
ham,0,0,57,0
ham,0,0,25,0
ham,0,0,25,0
ham,0,0,70,0
ham,0,0,45,0
ham,0,0,182,0
ham,0,0,25,0
ham,0,0,85,0
ham,0,0,25,0
spam,1,2,103,1
ham,0,0,166,0
ham,0,0,49,0
ham,0,0,161,0
ham,0,0,35,0
ham,0,0,74,0
ham,0,0,37,0
ham,0,0,107,0
ham,0,0,12,0
ham,0,0,98,0
ham,0,0,32,0
ham,0,0,158,0
ham,0,0,27,0
ham,0,0,44,0
ham,0,0,109,0
ham,0,0,35,0
ham,0,0,115,0
ham,0,0,50,0
ham,0,0,31,0
ham,0,0,33,0
ham,0,0,292,0
ham,0,0,83,0
ham,0,0,73,0
spam,1,0,104,0
ham,0,0,125,0
ham,0,0,62,0
ham,0,0,61,0
ham,0,0,24,0
ham,0,0,30,0
ham,0,0,38,0
ham,0,0,34,0
spam,0,2,159,1
ham,0,0,69,0
spam,0,1,73,0
ham,0,0,68,0
ham,0,0,98,0
ham,0,0,35,0
ham,0,0,26,0
ham,0,0,39,0
ham,0,0,58,0
ham,0,0,143,0
ham,0,0,147,0
ham,0,0,33,0
ham,0,0,31,0
ham,0,0,86,0
ham,0,0,43,0
ham,0,0,35,0
ham,0,0,64,0
ham,0,0,119,0
spam,0,0,163,1
spam,0,1,156,0
ham,0,0,39,0
ham,0,0,39,0
ham,0,0,40,0
ham,0,0,57,0
ham,0,0,49,0
spam,0,0,137,1
ham,0,0,68,0
spam,0,1,134,1
ham,0,0,40,0
ham,0,0,42,0
ham,0,0,47,0
ham,0,0,85,0
ham,0,0,26,0
ham,0,0,158,0
spam,0,3,156,1
ham,0,0,156,0
ham,0,0,47,0
ham,0,0,120,0
ham,0,0,58,0
ham,0,0,129,0
spam,0,2,140,1
ham,0,0,112,0
ham,0,0,68,0
ham,0,0,19,0
ham,0,0,53,0
ham,0,0,49,0
ham,0,0,7,0
ham,0,0,38,0
ham,0,0,102,0
ham,0,0,60,0
ham,0,0,139,0
ham,0,0,59,0
ham,0,0,65,0
ham,0,0,28,0
ham,0,1,41,0
ham,0,0,49,0
spam,1,1,159,1
ham,0,0,35,0
ham,0,0,52,0
ham,0,0,246,0
ham,0,0,45,0
ham,0,0,44,0
ham,0,1,54,0
ham,0,0,84,0
spam,0,1,176,1
ham,0,0,12,0
ham,0,0,139,0
ham,0,0,12,0
ham,0,0,28,0
ham,0,0,30,0
spam,0,1,112,1
ham,0,0,48,0
ham,0,0,118,0
ham,0,0,68,0
ham,0,0,142,0
ham,0,0,31,0
spam,0,3,157,1
ham,0,0,33,0
ham,0,0,56,0
ham,0,0,62,0
ham,0,0,47,0
ham,0,0,29,0
ham,0,0,88,0
ham,0,0,26,0
ham,0,0,30,0
ham,0,0,50,0
spam,0,2,150,1
ham,0,0,52,0
ham,0,1,129,0
ham,0,0,35,0
ham,0,0,25,0
ham,0,0,110,0
ham,0,0,49,0
ham,0,0,99,0
ham,0,0,160,0
ham,0,0,53,0
ham,0,1,66,0
ham,0,0,32,0
ham,0,0,90,0
ham,0,0,30,0
ham,0,0,36,0
ham,0,0,36,0
ham,0,0,30,0
ham,0,0,29,0
ham,0,0,8,0
ham,0,0,36,0
ham,0,0,37,0
spam,0,0,133,0
spam,1,3,168,1
ham,0,0,32,0
ham,0,0,33,0
ham,0,0,143,0
ham,0,0,37,0
spam,0,2,166,1
spam,0,3,133,1
ham,0,0,120,0
ham,0,0,48,0
ham,0,1,30,0
ham,0,0,156,0
ham,0,0,44,0
ham,0,0,139,0
ham,0,0,59,0
ham,0,0,67,0
ham,0,0,53,0
spam,0,1,139,0
ham,0,1,447,0
ham,0,0,30,0
ham,0,0,109,0
ham,0,0,69,0
ham,0,0,57,0
spam,0,4,161,1
ham,0,0,91,0
ham,0,0,7,0
ham,0,0,57,0
ham,0,1,59,0
spam,1,1,156,1
ham,0,0,30,0
spam,0,2,161,1
ham,0,0,98,0
ham,0,0,98,0
ham,0,0,55,0
ham,0,0,83,0
ham,0,0,66,0
spam,0,0,28,1
ham,0,0,76,0
ham,0,0,172,0
ham,0,0,172,0
ham,0,0,60,0
ham,0,0,59,0
spam,0,3,159,1
ham,0,0,116,0
ham,0,0,53,0
spam,0,1,163,1
ham,0,0,26,0
ham,0,0,27,0
spam,0,1,121,1
ham,0,0,182,0
ham,0,0,104,0
ham,0,0,57,0
ham,0,0,99,0
ham,0,0,62,0
ham,0,0,169,0
ham,0,0,17,0
spam,0,0,138,1
ham,0,0,49,0
ham,0,0,12,0
ham,0,0,49,0
ham,0,0,87,0
ham,0,0,74,0
ham,0,0,23,0
ham,0,0,47,0
ham,0,0,49,0
ham,0,0,38,0
spam,0,2,157,1
spam,0,1,169,1
ham,0,0,31,0
ham,0,0,56,0
ham,0,0,85,0
ham,0,0,29,0
ham,0,0,51,0
ham,0,0,32,0
ham,0,0,44,0
ham,0,1,102,0
ham,0,0,58,0
ham,0,0,25,0
ham,0,0,18,0
spam,0,1,161,1
ham,0,0,122,0
ham,0,0,157,0
ham,0,0,28,0
ham,0,0,32,0
ham,0,0,32,0
ham,0,0,31,0
ham,0,1,92,0
ham,0,0,59,0
ham,0,0,56,0
ham,0,0,40,0
ham,0,0,29,0
ham,0,0,132,0
ham,0,0,72,0
ham,0,0,24,0
ham,0,1,92,0
ham,0,0,40,0
ham,0,0,42,0
ham,0,0,105,0
ham,0,0,45,0
ham,0,0,66,0
ham,0,0,53,0
ham,0,0,166,0
ham,0,0,203,0
ham,0,0,44,0
spam,0,3,158,1
ham,0,0,41,0
ham,0,0,29,0
spam,0,1,144,0
ham,0,0,32,0
ham,0,0,19,0
ham,0,0,26,0
spam,0,0,127,0
ham,0,0,49,0
ham,0,0,34,0
ham,0,0,31,0
ham,0,0,121,0
spam,1,2,127,1
ham,0,0,32,0
ham,0,0,66,0
ham,0,0,109,0
ham,0,1,124,0
ham,0,0,47,0
ham,0,0,25,0
ham,0,0,25,0
ham,0,0,119,0
ham,0,0,81,0
ham,0,0,62,0
ham,0,0,46,0
spam,0,0,134,1
ham,0,0,184,0
ham,0,0,48,0
ham,0,1,145,0
ham,0,0,35,0
ham,0,0,72,0
ham,0,0,82,0
ham,0,1,152,0
ham,0,0,66,0
ham,0,0,158,0
ham,0,0,32,0
ham,0,0,148,0
spam,0,1,36,0
ham,0,0,25,0
ham,0,0,35,0
ham,0,0,13,0
spam,0,0,161,1
ham,0,0,64,0
ham,0,0,60,0
ham,0,0,39,0
ham,0,0,55,0
ham,0,0,166,0
ham,0,0,136,0
ham,0,0,58,0
ham,0,0,60,0
ham,0,0,71,0
spam,0,0,163,0
ham,0,0,126,0
ham,0,0,114,0
spam,0,0,140,1
ham,0,0,40,0
spam,0,0,155,0
ham,0,0,77,0
ham,0,0,50,0
spam,0,2,161,1
ham,0,0,12,0
ham,0,0,152,0
ham,0,0,47,0
spam,0,1,163,1
ham,0,0,26,0
ham,0,0,29,0
ham,0,0,38,0
spam,0,2,114,1
ham,0,0,32,0
ham,0,0,134,0
ham,0,0,31,0
ham,0,0,26,0
ham,0,0,55,0
ham,0,0,56,0
ham,0,0,134,0
ham,0,0,14,0
ham,0,0,30,0
ham,0,0,91,0
ham,0,0,169,0
ham,0,0,45,0
ham,0,0,35,0
spam,0,3,160,1
ham,0,0,591,0
spam,0,0,154,1
ham,0,0,77,0
ham,0,0,42,0
ham,0,0,29,0
ham,0,0,60,0
ham,0,0,57,0
ham,0,0,97,0
ham,0,0,279,0
ham,0,0,85,0
ham,0,0,163,0
ham,0,0,154,0
ham,0,0,63,0
ham,0,0,54,0
spam,0,0,55,0
ham,0,0,141,0
ham,0,0,107,0
ham,0,0,78,0
ham,0,0,32,0
ham,0,0,145,0
ham,0,0,43,0
ham,0,0,169,0
spam,0,0,155,1
ham,0,0,133,0
ham,0,0,18,0
ham,0,1,34,0
ham,0,0,55,0
ham,0,0,237,0
ham,0,0,53,0
ham,0,0,106,0
spam,0,2,143,1
ham,0,0,28,0
spam,0,1,157,1
ham,0,0,52,0
ham,0,0,50,0
ham,0,0,30,0
ham,0,0,80,0
ham,0,0,31,0
ham,0,0,37,0
ham,0,0,25,0
ham,0,1,98,0
ham,0,0,25,0
ham,0,0,57,0
ham,0,0,70,0
ham,0,0,76,0
ham,0,0,59,0
ham,0,0,35,0
ham,0,0,28,0
spam,0,0,166,1
ham,0,0,69,0
ham,0,0,46,0
ham,0,0,124,0
ham,0,0,58,0
spam,0,1,142,1
ham,0,0,129,0
ham,0,0,30,0
ham,0,0,144,0
ham,0,0,114,0
ham,0,0,128,0
ham,0,0,9,0
ham,0,0,145,0
spam,0,2,140,1
ham,0,0,49,0
ham,0,0,35,0
ham,0,0,92,0
ham,0,0,67,0
spam,0,1,151,0
ham,0,0,80,0
ham,0,0,50,0
ham,0,0,45,0
ham,0,0,32,0
ham,0,0,40,0
ham,0,0,89,0
ham,0,0,50,0
ham,0,0,36,0
ham,0,0,26,0
ham,0,0,70,0
ham,0,0,35,0
ham,0,0,34,0
ham,0,0,28,0
ham,0,0,14,0
ham,0,0,132,0
ham,0,0,36,0
ham,0,0,33,0
ham,0,0,186,0
ham,0,0,159,0
ham,0,0,50,0
ham,0,0,35,0
ham,0,0,140,0
ham,0,0,104,0
ham,0,0,62,0
ham,0,0,46,0
spam,0,1,51,1
ham,0,0,98,0
ham,0,0,145,0
ham,0,1,41,0
spam,0,2,103,1
ham,0,0,330,0
ham,0,0,32,0
ham,0,0,39,0
ham,0,0,90,0
ham,0,0,38,0
ham,0,0,65,0
ham,0,0,35,0
ham,0,0,27,0
spam,0,3,123,1
ham,0,0,115,0
ham,0,0,60,0
ham,0,0,29,0
ham,0,0,113,0
spam,0,2,150,1
ham,0,0,150,0
ham,0,0,35,0
ham,0,0,154,0
ham,0,0,47,0
ham,0,0,33,0
spam,0,0,138,0
ham,0,0,97,0
ham,0,0,31,0
ham,0,0,167,0
ham,0,0,41,0
ham,0,0,49,0
ham,0,0,26,0
ham,0,0,319,0
ham,0,0,68,0
ham,0,0,27,0
ham,0,1,45,0
ham,0,0,48,0
ham,0,0,57,0
ham,0,0,29,0
ham,0,0,63,0
spam,0,1,162,1
ham,0,0,144,0
ham,0,1,156,0
ham,0,0,38,0
ham,0,0,35,0
ham,0,0,146,0
ham,0,0,63,0
spam,0,2,110,1
ham,0,0,99,0
ham,0,0,33,0
spam,0,2,150,1
ham,0,0,129,0
spam,0,0,125,1
ham,0,0,44,0
ham,0,0,33,0
ham,0,0,160,0
ham,0,1,74,0
ham,0,0,115,0
ham,0,0,46,0
ham,0,0,17,0
ham,0,0,52,0
ham,0,0,50,0
spam,0,2,137,0
ham,0,0,45,0
ham,0,0,29,0
spam,0,2,114,1
ham,0,0,26,0
ham,0,0,33,0
ham,0,0,111,0
spam,0,1,167,1
spam,0,0,113,1
ham,0,0,122,0
ham,0,0,40,0
ham,0,0,78,0
spam,0,3,155,1
ham,0,0,49,0
ham,0,0,54,0
ham,0,0,464,0
ham,0,0,130,0
ham,0,1,47,0
ham,0,0,37,0
ham,0,0,75,0
ham,0,0,33,0
ham,0,0,30,0
ham,0,0,51,0
ham,0,0,93,0
ham,0,0,55,0
ham,0,0,50,0
ham,0,0,25,0
ham,0,0,44,0
ham,0,0,40,0
ham,0,1,176,0
ham,0,0,98,0
ham,0,0,72,0
ham,0,0,30,0
ham,0,0,50,0
ham,0,0,96,0
ham,0,0,35,0
ham,0,0,51,0
ham,0,0,66,0
ham,0,0,78,0
ham,0,0,298,0
ham,0,0,42,0
ham,0,0,123,0
ham,0,0,46,0
ham,0,0,172,0
ham,0,0,104,0
ham,0,0,35,0
ham,0,0,153,0
ham,0,0,43,0
ham,0,0,88,0
ham,0,0,5,0
ham,0,0,138,0
ham,0,0,52,0
ham,0,0,35,0
ham,0,0,32,0
spam,0,2,156,1
ham,0,0,27,0
ham,0,0,77,0
spam,1,0,144,0
ham,0,1,245,0
ham,0,0,43,0
ham,0,0,69,0
ham,0,0,28,0
spam,0,2,150,1
ham,0,0,29,0
ham,0,0,30,0
spam,0,1,124,1
ham,0,0,26,0
ham,0,0,41,0
ham,0,0,37,0
ham,0,0,58,0
ham,0,0,49,0
ham,0,0,25,0
ham,0,0,45,0
ham,0,1,38,0
ham,0,0,56,0
ham,0,1,115,0
ham,0,0,42,0
ham,0,0,41,0
ham,0,0,132,0
ham,0,0,70,0
ham,0,1,150,0
ham,0,0,64,0
ham,0,0,41,0
ham,0,0,85,0
ham,0,0,18,0
ham,0,0,156,0
ham,0,0,45,0
ham,0,0,158,0
ham,0,0,53,0
ham,0,0,55,0
spam,0,3,143,0
ham,0,0,57,0
ham,0,0,52,0
ham,0,0,70,0
ham,0,0,142,0
ham,0,0,113,0
ham,0,0,40,0
ham,0,0,43,0
ham,0,1,28,0
ham,0,0,116,0
ham,0,0,31,0
ham,0,0,51,0
ham,0,0,61,0
ham,0,0,69,0
ham,0,0,29,0
ham,0,1,300,0
ham,0,0,151,0
ham,0,0,152,0
ham,0,0,157,0
spam,0,0,115,1
ham,0,0,82,0
ham,0,0,38,0
ham,0,0,34,0
ham,0,0,73,0
ham,0,0,36,0
ham,0,0,38,0
ham,0,0,26,0
ham,0,0,79,0
ham,0,0,27,0
ham,0,0,44,0
ham,0,0,51,0
spam,0,5,146,1
ham,0,0,62,0
ham,0,0,56,0
spam,0,1,142,0
ham,0,0,22,0
ham,0,0,54,0
ham,0,0,125,0
ham,0,0,56,0
ham,0,0,25,0
spam,0,0,159,1
ham,0,0,158,0
ham,0,0,28,0
ham,0,0,42,0
ham,0,0,122,0
ham,0,0,107,0
ham,0,0,48,0
ham,0,0,21,0
ham,0,0,22,0
spam,0,3,147,0
ham,0,0,33,0
ham,0,0,94,0
ham,0,0,159,0
ham,0,1,48,0
ham,0,0,45,0
ham,0,0,121,0
ham,0,0,116,0
ham,0,0,144,0
ham,0,0,41,0
ham,0,0,46,0
ham,0,0,32,0
spam,0,0,148,1
ham,0,0,64,0
spam,0,1,163,1
ham,0,0,8,0
ham,0,0,36,0
ham,0,0,44,0
ham,0,0,63,0
ham,0,0,47,0
ham,0,0,35,0
ham,0,0,90,0
ham,0,0,69,0
spam,0,4,155,1
ham,0,0,151,0
ham,0,0,59,0
spam,0,0,104,1
ham,0,0,151,0
ham,0,0,58,0
ham,0,0,38,0
ham,0,0,34,0
ham,0,0,41,0
ham,0,0,62,0
spam,1,0,117,0
ham,0,0,30,0
spam,0,1,162,1
ham,0,0,58,0
ham,0,0,33,0
ham,0,0,36,0
ham,0,0,95,0
ham,0,0,62,0
ham,0,0,163,0
ham,0,0,133,0
ham,0,0,115,0
ham,0,0,55,0
ham,0,0,68,0
ham,0,0,62,0
ham,0,0,26,0
spam,0,3,156,1
ham,0,0,44,0
ham,0,0,140,0
spam,0,2,151,1
ham,0,0,38,0
ham,0,0,72,0
ham,0,1,71,0
ham,0,0,71,0
ham,0,0,52,0
ham,0,0,99,0
ham,0,0,49,0
ham,0,0,50,0
ham,0,0,53,0
ham,0,0,31,0
ham,0,0,113,0
ham,0,0,100,0
ham,0,0,49,0
ham,0,0,93,0
ham,0,0,16,0
ham,0,0,44,0
ham,0,0,68,0
ham,0,0,137,0
ham,0,0,148,0
ham,0,0,134,0
ham,0,0,36,0
ham,0,0,17,0
ham,0,0,108,0
ham,0,0,45,0
spam,0,4,162,1
ham,0,0,43,0
ham,0,0,50,0
ham,0,0,83,0
ham,0,0,75,0
spam,0,1,160,1
ham,0,0,153,0
ham,0,0,36,0
ham,0,0,36,0
ham,0,0,35,0
ham,0,0,284,0
ham,0,0,47,0
spam,0,3,139,1
spam,0,1,145,1
ham,0,0,105,0
ham,0,0,37,0
ham,0,0,76,0
ham,0,0,152,0
ham,0,0,23,0
ham,0,0,25,0
ham,0,1,95,0
ham,0,0,89,0
ham,0,0,31,0
ham,0,0,43,0
ham,0,0,136,0
ham,0,0,50,0
ham,0,0,69,0
ham,0,0,66,0
ham,0,0,150,0
ham,0,0,50,0
ham,0,0,154,0
ham,0,0,40,0
ham,0,0,44,0
ham,0,0,35,0
ham,0,0,27,0
ham,0,0,32,0
ham,0,0,53,0
ham,0,0,38,0
ham,0,0,41,0
ham,0,0,44,0
ham,0,0,121,0
ham,0,0,60,0
ham,0,0,118,0
spam,0,2,160,1
ham,0,0,54,0
ham,0,0,85,0
ham,0,0,32,0
ham,0,0,26,0
ham,0,0,75,0
spam,0,1,176,1
ham,0,0,75,0
ham,0,0,36,0
ham,0,0,114,0
ham,0,0,37,0
ham,0,0,89,0
spam,0,0,53,1
ham,0,1,124,0
ham,0,0,64,0
ham,0,0,17,0
ham,0,0,123,0
ham,0,0,81,0
ham,0,0,53,0
ham,0,0,30,0
ham,0,1,447,0
ham,0,0,82,0
ham,0,1,87,0
ham,0,0,65,0
ham,0,0,36,0
ham,0,0,71,0
ham,0,0,110,0
ham,0,0,40,0
ham,0,0,135,0
spam,0,2,142,1
spam,0,1,108,1
ham,0,0,72,0
ham,0,0,88,0
ham,0,0,41,0
ham,0,0,117,0
ham,0,0,154,0
ham,0,1,83,0
ham,0,0,83,0
spam,0,1,160,1
spam,0,2,137,0
ham,0,1,161,0
ham,0,0,38,0
spam,0,1,43,0
ham,0,0,168,0
ham,0,0,45,0
ham,0,0,156,0
ham,0,1,323,0
ham,0,1,96,0
ham,0,0,151,0
ham,0,0,53,0
ham,0,0,75,0
ham,0,0,58,0
ham,0,0,161,0
ham,0,0,57,0
ham,0,0,116,0
ham,0,0,73,0
spam,1,4,149,1
ham,0,0,80,0
ham,0,0,75,0
ham,0,0,36,0
ham,0,0,35,0
ham,0,1,94,0
ham,0,0,25,0
ham,0,0,151,0
ham,0,0,148,0
ham,0,0,129,0
ham,0,0,31,0
ham,0,0,55,0
ham,0,0,39,0
ham,0,0,129,0
ham,0,0,50,0
ham,0,0,30,0
ham,0,0,44,0
ham,0,0,132,0
spam,0,1,143,1
ham,0,0,86,0
ham,0,0,44,0
ham,0,0,31,0
ham,0,0,37,0
ham,0,0,42,0
ham,0,0,57,0
ham,0,0,93,0
ham,0,0,38,0
ham,0,0,37,0
ham,0,0,94,0
ham,0,0,55,0
ham,0,0,48,0
ham,0,0,57,0
ham,0,1,80,0
ham,0,0,25,0
ham,0,0,25,0
ham,0,0,371,0
ham,0,0,31,0
ham,0,0,85,0
ham,0,0,58,0
ham,0,0,71,0
ham,0,0,32,0
ham,0,0,118,0
ham,0,0,70,0
ham,0,0,99,0
spam,0,0,81,1
ham,0,0,28,0
ham,0,0,107,0
ham,0,0,47,0
ham,0,0,21,0
ham,0,1,50,0
ham,0,0,25,0
ham,0,0,34,0
ham,0,1,42,0
ham,0,0,43,0
ham,0,0,72,0
ham,0,0,82,0
ham,0,0,120,0
ham,0,0,41,0
ham,0,0,68,0
ham,0,0,26,0
ham,0,0,6,0
ham,0,0,154,0
ham,0,1,61,0
ham,0,0,27,0
ham,0,0,34,0
ham,0,0,36,0
spam,0,1,153,1
ham,0,0,57,0
ham,0,0,63,0
spam,0,1,163,1
ham,0,0,12,0
ham,0,0,74,0
ham,0,0,31,0
ham,0,0,44,0
ham,0,0,32,0
spam,0,2,84,1
ham,0,0,37,0
ham,0,0,34,0
ham,0,0,14,0
ham,0,0,132,0
ham,0,0,14,0
spam,0,2,130,1
ham,0,0,31,0
ham,0,0,50,0
ham,0,0,62,0
spam,0,1,156,1
ham,0,0,34,0
ham,0,0,146,0
ham,0,0,47,0
ham,0,0,68,0
ham,0,0,25,0
ham,0,0,87,0
ham,0,0,163,0
spam,0,1,160,1
ham,0,0,123,0
ham,0,0,134,0
ham,0,0,43,0
ham,0,0,55,0
ham,0,0,37,0
ham,0,0,26,0
ham,0,0,32,0
ham,0,0,51,0
ham,0,0,41,0
spam,0,2,139,0
spam,0,1,160,1
spam,0,1,156,1
spam,0,1,67,0
spam,0,2,163,1
spam,0,1,161,0
spam,0,2,164,1
ham,0,0,34,0
ham,0,0,89,0
ham,0,0,37,0
ham,0,0,61,0
ham,0,1,196,0
ham,0,0,37,0
ham,0,0,127,0
spam,0,1,109,1
ham,0,0,155,0
ham,0,0,68,0
ham,0,0,108,0
ham,0,1,54,0
ham,0,0,32,0
ham,0,0,28,0
ham,0,0,81,0
ham,0,0,33,0
spam,0,1,142,1
spam,1,1,156,0
ham,0,0,138,0
ham,0,0,47,0
ham,0,0,94,0
ham,0,0,145,0
ham,0,0,52,0
ham,0,0,57,0
ham,0,0,22,0
ham,0,0,37,0
ham,0,0,110,0
ham,0,0,27,0
ham,0,0,277,0
ham,0,0,121,0
ham,0,0,161,0
ham,0,0,31,0
ham,0,0,130,0
ham,0,0,55,0
spam,0,0,156,1
ham,0,0,134,0
ham,0,0,158,0
spam,1,1,104,1
ham,0,0,76,0
ham,0,0,11,0
ham,0,0,60,0
ham,0,0,109,0
spam,0,4,160,1
ham,0,1,59,0
ham,0,0,52,0
ham,0,0,30,0
ham,0,0,179,0
ham,0,0,95,0
ham,0,0,34,0
ham,0,0,41,0
ham,0,0,159,0
ham,0,0,69,0
ham,0,0,183,0
ham,0,0,66,0
ham,0,0,62,0
ham,0,0,28,0
ham,0,0,27,0
spam,0,3,151,1
ham,0,0,152,0
ham,0,1,168,0
ham,0,0,66,0
ham,0,0,35,0
ham,0,0,32,0
ham,0,0,38,0
ham,0,0,25,0
ham,0,0,108,0
ham,0,0,6,0
ham,0,0,129,0
ham,0,1,34,0
spam,0,1,143,1
spam,0,3,164,1
ham,0,0,78,0
ham,0,0,124,0
ham,0,0,78,0
ham,0,0,98,0
spam,0,0,159,0
ham,0,0,117,0
ham,0,0,29,0
ham,0,0,51,0
ham,0,0,28,0
ham,0,0,41,0
ham,0,0,10,0
ham,0,0,130,0
ham,0,0,192,0
ham,0,0,128,0
ham,0,0,58,0
ham,0,0,41,0
ham,0,0,32,0
ham,0,0,49,0
ham,0,0,65,0
ham,0,0,35,0
ham,0,0,197,0
ham,0,0,290,0
ham,0,0,40,0
ham,0,0,45,0
ham,0,0,73,0
ham,0,0,80,0
ham,0,0,118,0
ham,0,0,18,0
ham,0,0,52,0
ham,0,0,56,0
ham,0,0,163,0
ham,0,0,36,0
spam,0,3,153,1
spam,0,0,160,0
ham,0,0,90,0
ham,0,0,39,0
ham,0,2,137,0
ham,0,0,25,0
ham,0,0,29,0
ham,0,0,27,0
ham,0,0,100,0
ham,0,0,156,0
ham,0,0,142,0
ham,0,0,48,0
ham,0,0,72,0
ham,0,0,43,0
ham,0,0,33,0
ham,0,1,43,0
ham,0,0,87,0
ham,0,0,28,0
ham,0,1,143,0
spam,0,0,155,1
ham,0,0,128,0
ham,0,0,88,0
ham,0,0,72,0
ham,0,0,26,0
ham,0,0,28,0
ham,0,0,27,0
ham,0,0,33,0
spam,0,0,165,1
ham,0,0,31,0
ham,0,0,46,0
ham,0,0,42,0
spam,0,4,160,1
ham,0,0,86,0
spam,0,1,71,1
ham,0,0,76,0
spam,0,0,136,1
ham,0,0,50,0
ham,0,1,325,0
ham,0,0,62,0
spam,1,2,137,1
ham,0,0,45,0
ham,0,0,34,0
spam,0,1,148,1
ham,0,0,33,0
ham,0,0,39,0
spam,0,3,152,0
ham,0,0,32,0
ham,0,0,62,0
ham,0,0,157,0
ham,0,0,50,0
ham,0,0,90,0
ham,0,0,129,0
ham,0,1,131,0
ham,0,0,15,0
ham,0,0,56,0
ham,0,0,44,0
spam,0,1,146,1
ham,0,0,179,0
spam,0,4,158,1
ham,0,0,102,0
ham,0,0,75,0
ham,0,1,126,0
ham,0,0,72,0
ham,0,0,42,0
ham,0,0,20,0
ham,0,0,25,0
spam,0,2,160,1
ham,0,0,51,0
ham,0,0,41,0
spam,0,4,118,1
ham,0,0,33,0
ham,0,0,41,0
ham,0,0,28,0
ham,0,0,31,0
ham,0,0,49,0
ham,0,0,75,0
ham,0,0,44,0
ham,0,0,34,0
ham,0,0,62,0
ham,0,0,31,0
ham,0,0,33,0
ham,0,0,134,0
ham,0,0,58,0
ham,0,0,35,0
ham,0,0,141,0
ham,0,0,128,0
ham,0,0,16,0
ham,0,0,84,0
ham,0,0,158,0
ham,0,1,77,0
ham,0,0,37,0
spam,0,1,169,1
ham,0,1,87,0
ham,0,0,193,0
ham,0,0,45,0
ham,0,0,40,0
ham,0,1,41,0
ham,0,1,90,0
ham,0,0,46,0
ham,0,0,76,0
ham,0,0,68,0
ham,0,0,39,0
spam,0,3,160,1
ham,0,0,41,0
ham,0,0,30,0
ham,0,0,24,0
ham,0,0,76,0
ham,0,0,194,0
ham,0,0,107,0
ham,0,0,37,0
spam,0,1,155,1
ham,0,0,34,0
ham,0,0,157,0
spam,0,1,159,0
ham,0,0,101,0
ham,0,0,110,0
ham,0,0,30,0
spam,0,2,159,1
ham,0,0,62,0
ham,0,0,60,0
ham,0,0,139,0
ham,0,0,59,0
ham,0,0,80,0
ham,0,0,47,0
ham,0,0,49,0
ham,0,0,56,0
ham,0,0,35,0
ham,0,0,34,0
ham,0,0,58,0
ham,0,0,43,0
ham,0,0,54,0
ham,0,0,42,0
ham,0,0,46,0
ham,0,0,38,0
ham,0,0,136,0
ham,0,0,163,0
ham,0,0,51,0
ham,0,0,40,0
ham,0,1,172,0
ham,0,0,138,0
ham,0,0,36,0
ham,0,0,55,0
ham,0,0,32,0
ham,0,0,32,0
ham,0,0,106,0
ham,0,0,58,0
spam,0,2,153,1
ham,0,0,27,0
ham,0,0,57,0
ham,0,0,46,0
spam,0,2,182,1
ham,0,0,26,0
ham,0,1,54,0
ham,0,0,43,0
ham,0,1,158,0
ham,0,0,86,0
ham,0,0,29,0
ham,0,0,41,0
ham,0,0,85,0
ham,0,0,41,0
ham,0,0,29,0
ham,0,0,28,0
ham,0,0,27,0
ham,0,0,61,0
ham,0,0,49,0
ham,0,1,93,0
ham,0,0,131,0
ham,0,0,73,0
ham,0,0,33,0
spam,0,2,162,0
ham,0,0,47,0
ham,0,0,72,0
ham,0,0,45,0
ham,0,0,24,0
ham,0,0,161,0
ham,0,0,130,0
ham,0,0,42,0
ham,0,0,50,0
ham,0,0,68,0
ham,0,0,39,0
spam,0,3,117,1
ham,0,0,39,0
ham,0,0,40,0
ham,0,0,34,0
ham,0,0,21,0
ham,0,0,89,0
ham,0,0,162,0
ham,0,0,95,0
ham,0,0,42,0
ham,0,0,31,0
ham,0,0,69,0
spam,0,2,200,1
ham,0,0,38,0
ham,0,0,40,0
ham,0,0,41,0
ham,0,0,37,0
spam,0,1,159,1
ham,0,0,37,0
ham,0,0,33,0
ham,0,1,48,0
ham,0,0,140,0
ham,0,0,27,0
ham,0,0,54,0
ham,0,0,296,0
ham,0,0,31,0
ham,0,0,40,0
ham,0,0,36,0
ham,0,0,36,0
ham,0,0,52,0
ham,0,0,266,0
ham,0,0,53,0
ham,0,0,29,0
ham,0,0,42,0
spam,0,0,16,0
ham,0,0,61,0
ham,0,0,65,0
ham,0,0,73,0
ham,0,0,53,0
ham,0,0,41,0
ham,0,0,65,0
ham,0,0,155,0
spam,0,0,150,1
ham,0,0,161,0
ham,0,0,48,0
ham,0,0,25,0
ham,0,0,29,0
spam,1,1,104,1
ham,0,0,50,0
ham,0,0,51,0
spam,0,2,112,1
ham,0,0,51,0
ham,0,1,167,0
ham,0,0,33,0
ham,0,0,113,0
spam,1,3,161,1
ham,0,0,37,0
ham,0,0,68,0
spam,0,2,140,1
ham,0,0,26,0
ham,0,0,38,0
ham,0,0,25,0
ham,0,1,99,0
ham,0,0,78,0
ham,0,0,84,0
ham,0,0,40,0
ham,0,0,74,0
ham,0,0,24,0
ham,0,1,129,0
ham,0,1,28,0
spam,0,2,162,1
ham,0,0,305,0
spam,0,1,89,1
ham,0,0,26,0
ham,0,0,201,0
ham,0,0,35,0
ham,0,0,33,0
ham,0,0,42,0
ham,0,0,101,0
ham,0,0,17,0
ham,0,0,30,0
spam,1,2,158,0
ham,0,0,73,0
ham,0,0,160,0
spam,0,0,159,1
ham,0,0,57,0
ham,0,1,42,0
ham,0,0,80,0
ham,0,0,48,0
ham,0,0,147,0
ham,0,0,183,0
ham,0,0,172,0
ham,0,0,64,0
spam,0,4,161,1
ham,0,0,42,0
ham,0,0,44,0
ham,0,0,77,0
ham,0,0,207,0
ham,0,0,91,0
spam,0,4,162,1
ham,0,0,77,0
ham,0,0,40,0
ham,0,0,42,0
ham,0,1,38,0
ham,0,0,46,0
ham,0,0,45,0
ham,0,0,40,0
ham,0,0,33,0
ham,0,0,85,0
ham,0,0,35,0
ham,0,0,31,0
spam,0,2,123,1
ham,0,0,58,0
ham,0,0,70,0
ham,0,0,247,0
ham,0,0,27,0
ham,0,1,162,0
ham,0,1,162,0
ham,0,0,73,0
ham,0,0,60,0
spam,1,0,165,1
ham,0,0,142,0
ham,0,0,43,0
ham,0,0,89,0
ham,0,1,119,0
ham,0,0,6,0
ham,0,0,56,0
ham,0,0,45,0
ham,0,0,57,0
ham,0,0,36,0
ham,0,0,33,0
ham,0,0,73,0
ham,0,0,97,0
ham,0,0,65,0
ham,0,0,75,0
ham,0,0,145,0
ham,0,0,88,0
ham,0,0,69,0
ham,0,0,35,0
ham,0,0,58,0
spam,0,0,165,1
ham,0,0,61,0
ham,0,0,19,0
ham,0,0,74,0
ham,0,0,41,0
ham,0,0,47,0
ham,0,0,80,0
ham,0,0,151,0
spam,0,2,155,0
ham,0,0,35,0
ham,0,0,88,0
ham,0,0,25,0
spam,0,2,142,0
ham,0,0,41,0
spam,1,2,112,1
ham,0,0,35,0
spam,0,1,110,0
ham,0,0,201,0
ham,0,0,107,0
ham,0,0,47,0
ham,0,0,45,0
ham,0,0,64,0
ham,0,0,46,0
ham,0,0,49,0
ham,0,0,79,0
ham,0,0,64,0
ham,0,0,79,0
ham,0,1,49,0
ham,0,0,64,0
ham,0,1,25,0
ham,0,0,53,0
ham,0,0,47,0
ham,0,0,260,0
ham,0,0,162,0
ham,0,0,61,0
ham,0,0,80,0
ham,0,0,99,0
spam,1,0,99,1
ham,0,0,32,0
ham,0,0,66,0
ham,0,0,56,0
ham,0,0,37,0
ham,0,0,36,0
spam,0,0,154,1
ham,0,0,68,0
spam,0,3,154,1
ham,0,0,33,0
spam,0,1,156,1
ham,0,0,22,0
spam,0,1,124,1
ham,0,0,39,0
ham,0,0,43,0
ham,0,0,66,0
ham,0,0,7,0
ham,0,0,53,0
ham,0,0,31,0
ham,0,0,60,0
spam,0,0,131,1
spam,0,2,148,1
ham,0,0,35,0
ham,0,0,41,0
ham,0,0,89,0
ham,0,0,40,0
ham,0,0,119,0
ham,0,0,80,0
spam,0,0,89,0
ham,0,0,20,0
ham,0,0,159,0
ham,0,1,41,0
ham,0,0,16,0
ham,0,0,91,0
ham,0,0,67,0
ham,0,0,208,0
spam,0,2,161,0
ham,0,0,117,0
ham,0,0,81,0
ham,0,0,124,0
ham,0,0,28,0
ham,0,0,49,0
ham,0,0,31,0
ham,0,0,129,0
ham,0,0,49,0
ham,0,0,26,0
ham,0,0,87,0
ham,0,0,75,0
ham,0,0,33,0
ham,0,0,25,0
ham,0,0,51,0
ham,0,0,27,0
ham,0,0,49,0
ham,0,0,89,0
ham,0,0,161,0
ham,0,0,34,0
ham,0,0,28,0
spam,0,4,105,0
ham,0,0,38,0
ham,0,0,109,0
ham,0,0,51,0
ham,0,0,63,0
ham,0,0,100,0
ham,0,0,39,0
ham,0,0,74,0
ham,0,0,86,0
ham,0,1,156,0
ham,0,0,41,0
ham,0,0,85,0
spam,0,1,117,0
ham,0,1,97,0
ham,0,0,55,0
ham,0,0,87,0
ham,0,0,36,0
ham,0,0,45,0
ham,0,0,27,0
ham,0,0,57,0
ham,0,0,26,0
spam,0,1,141,1
ham,0,1,48,0
ham,0,0,40,0
ham,0,0,31,0
ham,0,0,47,0
spam,0,3,138,1
ham,0,0,76,0
ham,0,1,205,0
ham,0,0,143,0
spam,0,0,149,1
ham,0,0,16,0
ham,0,0,32,0
ham,0,0,56,0
ham,0,0,135,0
ham,0,0,38,0
spam,0,1,163,1
ham,0,0,99,0
ham,0,0,76,0
spam,0,0,21,1
ham,0,0,58,0
ham,0,0,63,0
ham,0,0,86,0
ham,0,0,114,0
ham,0,0,43,0
ham,0,0,144,0
spam,0,1,66,0
ham,0,0,107,0
ham,0,0,136,0
spam,0,0,140,0
ham,0,0,29,0
ham,0,0,56,0
ham,0,0,73,0
ham,0,0,70,0
ham,0,0,25,0
ham,0,0,66,0
spam,0,0,98,1
spam,0,4,146,1
ham,0,0,36,0
spam,0,3,162,1
ham,0,1,77,0
ham,0,0,63,0
ham,0,0,147,0
ham,0,0,223,0
ham,0,0,58,0
ham,0,0,130,0
ham,0,0,30,0
ham,0,1,165,0
ham,0,0,115,0
spam,0,3,164,1
spam,0,2,152,0
ham,0,0,33,0
ham,0,0,6,0
ham,0,1,64,0
spam,0,1,76,0
ham,0,0,42,0
ham,0,0,106,0
ham,0,0,51,0
spam,0,0,162,1
ham,0,0,37,0
ham,0,0,40,0
ham,0,0,92,0
ham,0,0,34,0
ham,0,0,25,0
ham,0,0,39,0
ham,0,0,26,0
ham,0,0,48,0
ham,0,0,45,0
ham,0,0,43,0
ham,0,1,31,0
ham,0,0,87,0
ham,0,0,55,0
ham,0,0,81,0
ham,0,1,57,0
spam,0,2,162,1
ham,0,0,26,0
ham,0,0,96,0
ham,0,0,27,0
ham,0,1,54,0
ham,0,0,25,0
spam,0,2,152,0
ham,0,0,26,0
ham,0,0,68,0
ham,0,0,24,0
ham,0,0,32,0
spam,0,3,50,0
spam,0,1,159,1
ham,0,0,69,0
ham,0,0,35,0
ham,0,0,37,0
ham,0,0,156,0
ham,0,0,26,0
ham,0,0,35,0
ham,0,0,72,0
ham,0,0,183,0
ham,0,0,258,0
ham,0,1,34,0
ham,0,0,62,0
spam,0,3,159,1
spam,0,1,162,1
ham,0,1,141,0
ham,0,0,70,0
ham,0,0,40,0
ham,0,0,125,0
ham,0,0,32,0
ham,0,0,100,0
spam,0,1,152,1
spam,0,0,144,0
ham,0,0,79,0
ham,0,0,87,0
ham,0,0,59,0
spam,0,0,109,1
ham,0,0,39,0
ham,0,0,87,0
ham,0,0,131,0
spam,0,1,117,1
ham,0,0,99,0
ham,0,0,38,0
ham,0,0,49,0
ham,0,0,279,0
ham,0,0,28,0
ham,0,0,49,0
ham,0,0,156,0
ham,0,0,77,0
spam,0,1,157,0
ham,0,0,30,0
spam,0,1,151,1
ham,0,0,66,0
ham,0,0,150,0
spam,0,4,138,1
ham,0,0,157,0
ham,0,0,73,0
ham,0,0,166,0
ham,0,0,27,0
ham,0,0,88,0
ham,0,0,52,0
ham,0,0,29,0
ham,0,0,51,0
ham,0,0,38,0
ham,0,0,27,0
spam,0,3,170,1
ham,0,0,52,0
spam,0,1,135,1
ham,0,0,51,0
ham,0,0,83,0
ham,0,0,42,0
spam,0,0,125,1
ham,0,0,32,0
ham,0,0,35,0
ham,0,0,78,0
spam,0,2,144,1
ham,0,0,28,0
ham,0,0,63,0
ham,0,0,157,0
ham,0,0,233,0
ham,0,0,30,0
ham,0,0,97,0
ham,0,0,90,0
ham,0,0,119,0
ham,0,0,129,0
ham,0,0,31,0
ham,0,0,163,0
ham,0,0,63,0
ham,0,0,156,0
ham,0,0,58,0
spam,0,0,160,1
ham,0,0,25,0
ham,0,0,45,0
ham,0,0,39,0
ham,0,0,37,0
ham,0,0,159,0
ham,0,0,150,0
spam,0,2,155,0
ham,0,0,58,0
ham,0,0,57,0
ham,0,0,37,0
ham,0,0,25,0
ham,0,0,114,0
ham,0,0,163,0
ham,0,0,92,1
ham,0,0,156,0
ham,0,0,70,0
spam,0,0,149,0
ham,0,0,51,0
ham,0,0,60,0
ham,0,0,164,0
ham,0,1,142,0
spam,0,0,163,0
ham,0,0,161,0
ham,0,0,93,0
ham,0,0,32,0
ham,0,0,25,0
spam,0,1,164,1
ham,0,0,41,0
spam,0,3,147,1
ham,0,0,95,0
ham,0,1,87,0
ham,0,0,77,0
ham,0,0,43,0
ham,0,0,66,0
spam,0,0,157,1
ham,0,0,137,0
ham,0,0,38,0
ham,0,0,38,0
spam,1,1,115,0
ham,0,0,57,0
ham,0,0,30,0
spam,0,0,160,1
ham,0,0,114,0
ham,0,0,160,0
ham,0,0,127,0
ham,0,0,25,0
ham,0,0,80,0
ham,0,0,40,0
ham,0,0,74,0
ham,0,0,77,0
ham,0,0,31,0
ham,0,0,37,0
ham,0,0,38,0
ham,0,0,70,0
ham,0,0,44,0
spam,0,1,147,1
ham,0,0,36,0
ham,0,1,86,0
ham,0,0,41,0
ham,0,0,64,0
ham,0,0,35,0
ham,0,0,65,0
ham,0,0,82,0
ham,0,0,25,0
ham,0,0,161,0
ham,0,0,40,0
ham,0,0,26,0
ham,0,0,46,0
spam,0,0,152,1
ham,0,0,111,0
spam,1,3,161,1
spam,1,2,158,0
spam,0,1,151,0
ham,0,0,26,0
ham,0,0,84,0
ham,0,0,157,0
ham,0,0,88,0
ham,0,0,57,0
spam,1,0,160,0
ham,0,0,25,0
ham,0,0,37,0
ham,0,0,72,0
ham,0,0,77,0
ham,0,1,105,0
ham,0,0,25,0
spam,0,1,75,1
ham,0,0,35,0
ham,0,0,80,0
ham,0,0,29,0
ham,0,0,32,0
ham,0,0,55,0
ham,0,0,63,0
ham,0,0,47,0
ham,0,0,80,0
ham,0,0,266,0
ham,0,0,68,0
ham,0,0,34,0
ham,0,0,76,0
ham,0,0,133,0
ham,0,0,134,0
ham,0,0,34,0
ham,0,0,27,0
ham,0,0,74,0
ham,0,0,26,0
ham,0,0,82,0
ham,0,0,27,0
ham,0,0,100,0
ham,0,0,74,0
spam,0,3,160,0
spam,1,2,163,1
ham,0,0,41,0
ham,0,0,47,0
ham,0,0,91,0
ham,0,0,158,0
ham,0,0,39,0
spam,0,1,138,0
ham,0,0,10,0
ham,0,1,74,0
ham,0,0,30,0
ham,0,0,52,0
spam,0,1,108,1
spam,0,1,77,0
ham,0,0,49,0
ham,0,0,26,0
ham,0,0,186,0
ham,0,1,121,0
ham,0,0,95,0
ham,0,0,41,0
spam,0,1,160,0
ham,0,0,90,0
spam,1,0,155,0
ham,0,0,32,0
ham,0,0,157,0
ham,0,0,48,0
ham,0,0,27,0
ham,0,0,72,0
ham,0,0,144,0
ham,0,0,117,0
ham,0,0,135,0
ham,0,0,88,0
ham,0,0,78,0
ham,0,0,35,0
ham,0,0,40,0
ham,0,0,125,0
spam,1,2,139,1
ham,0,0,22,0
ham,0,0,109,0
ham,0,0,70,0
ham,0,0,54,0
ham,0,0,43,0
ham,0,0,43,0
ham,0,0,31,0
spam,1,1,166,0
spam,0,2,161,1
ham,0,0,155,0
ham,0,0,20,0
ham,0,0,141,0
ham,0,0,63,0
ham,0,0,31,0
ham,0,0,145,0
ham,0,0,142,0
ham,0,0,83,0
ham,0,0,37,0
ham,0,0,293,0
ham,0,0,28,0
ham,0,0,8,0
ham,0,0,66,0
spam,0,0,77,0
spam,1,1,158,1
spam,0,2,84,1
spam,0,1,141,0
spam,0,0,165,1
ham,0,0,156,0
ham,0,0,107,0
ham,0,0,85,0
ham,0,0,77,0
ham,0,0,18,0
ham,0,0,80,0
ham,0,0,40,0
ham,1,1,132,0
ham,0,0,57,0
ham,0,0,66,0
ham,0,0,69,0
spam,0,1,137,1
ham,0,0,332,0
ham,0,0,43,0
ham,0,0,89,0
ham,0,0,85,0
ham,0,0,27,0
ham,0,0,114,0
ham,0,1,159,0
ham,0,0,39,0
ham,0,0,38,0
ham,0,0,115,0
ham,0,0,75,0
ham,0,0,64,0
ham,0,0,30,0
ham,0,0,33,0
ham,0,0,49,0
ham,0,0,35,0
ham,0,0,46,0
spam,0,0,164,1
ham,0,0,157,0
ham,0,0,58,0
ham,0,0,30,0
ham,0,0,38,0
ham,0,0,42,0
ham,0,0,73,0
ham,0,0,118,0
ham,0,0,71,0
ham,0,0,32,0
ham,0,0,30,0
ham,0,0,37,0
ham,0,0,69,0
ham,0,0,24,0
ham,0,0,142,0
ham,0,1,153,0
ham,0,0,52,0
ham,0,0,22,0
ham,0,0,43,0
spam,0,1,148,1
ham,0,0,116,0
ham,0,0,47,0
ham,0,0,54,0
ham,0,0,159,0
ham,0,0,36,0
ham,0,0,160,0
spam,1,0,166,0
ham,0,0,35,0
ham,0,0,49,0
ham,0,0,145,0
spam,0,1,129,1
ham,0,0,39,0
ham,0,0,120,0
ham,0,0,97,0
ham,0,0,55,0
ham,0,0,183,0
ham,0,0,42,0
ham,0,0,90,0
ham,0,0,50,0
ham,0,0,73,0
ham,0,0,124,0
ham,0,0,17,0
spam,0,2,138,1
ham,0,1,145,0
spam,0,1,136,1
ham,0,0,26,0
ham,0,0,67,0
spam,1,1,149,0
spam,1,1,147,0
ham,0,0,28,0
ham,0,0,48,0
ham,0,0,39,0
ham,0,0,104,0
ham,0,0,41,0
ham,0,0,145,0
ham,0,0,54,0
ham,0,0,166,0
spam,0,2,159,1
ham,0,1,149,0
ham,0,0,30,0
ham,0,0,44,0
ham,0,0,28,0
ham,0,0,154,0
ham,0,0,88,0
ham,0,0,33,0
spam,0,1,75,0
ham,0,0,63,0
ham,0,1,77,0
ham,0,0,64,0
ham,0,0,25,0
ham,0,0,411,0
ham,0,0,59,0
ham,0,0,34,0
ham,0,0,48,0
ham,0,0,141,0
ham,0,0,25,0
ham,0,0,41,0
ham,0,0,56,0
spam,0,2,135,0
ham,0,1,96,0
ham,0,0,286,0
spam,0,2,86,0
ham,0,0,39,0
ham,0,0,63,0
ham,0,0,39,0
ham,0,0,157,0
ham,0,0,106,0
ham,0,1,68,0
ham,0,0,152,0
ham,0,0,203,0
ham,0,0,29,0
ham,0,0,127,0
ham,0,1,34,0
ham,0,0,68,0
ham,0,0,42,0
ham,0,0,86,0
ham,0,0,45,0
ham,0,1,38,0
ham,0,0,26,0
ham,0,0,44,0
ham,0,0,75,0
ham,0,0,69,0
ham,0,0,46,0
ham,0,0,49,0
ham,0,0,119,0
ham,0,0,59,0
ham,0,0,58,0
spam,0,0,140,1
ham,0,0,169,0
ham,0,0,32,0
ham,0,0,99,0
ham,0,0,39,0
ham,0,0,52,0
ham,0,0,64,0
ham,0,0,42,0
ham,0,0,144,0
ham,0,0,33,0
ham,0,0,33,0
ham,0,0,34,0
ham,0,0,76,0
ham,0,0,28,0
spam,0,3,164,1
ham,0,0,32,0
ham,0,0,384,0
ham,0,0,72,0
ham,0,0,29,0
ham,0,0,39,0
ham,0,1,330,0
ham,0,0,120,0
ham,0,0,53,0
ham,0,1,92,0
spam,0,1,154,1
ham,0,0,240,0
ham,0,1,239,0
ham,0,0,98,0
ham,0,0,88,0
ham,0,0,47,0
ham,0,0,102,0
ham,0,0,26,0
ham,0,0,148,0
ham,0,0,29,0
ham,0,1,163,0
ham,0,0,100,0
ham,0,0,42,0
spam,0,0,50,0
ham,0,0,27,0
spam,0,0,68,1
ham,0,0,36,0
ham,0,0,79,0
ham,0,0,52,0
ham,0,0,18,0
ham,0,0,25,0
ham,0,0,54,0
ham,0,0,31,0
ham,0,0,72,0
ham,0,0,162,0
ham,0,0,47,0
ham,0,0,27,0
ham,0,0,23,0
ham,0,0,129,0
ham,0,0,44,0
ham,0,0,43,0
ham,0,0,165,0
ham,0,0,174,0
ham,0,0,31,0
ham,0,0,65,0
ham,0,0,74,0
ham,0,2,112,0
ham,0,0,138,0
ham,0,0,5,0
spam,0,2,128,1
spam,1,2,161,1
ham,0,0,20,0
ham,0,0,24,0
ham,0,0,28,0
ham,0,0,26,0
ham,0,0,77,0
spam,0,0,76,0
ham,0,0,29,0
ham,0,0,152,0
ham,0,0,27,0
ham,0,0,33,0
ham,0,0,65,0
ham,0,0,135,0
ham,0,0,46,0
spam,0,1,54,0
ham,0,0,45,0
ham,0,0,61,0
spam,0,0,164,1
ham,0,0,128,0
ham,0,0,97,0
ham,0,0,107,0
ham,0,0,97,0
ham,0,0,42,0
ham,0,0,29,0
ham,0,0,63,0
ham,0,0,25,0
ham,0,0,161,0
spam,0,3,166,1
ham,0,0,61,0
ham,0,0,123,0
ham,0,0,50,0
ham,0,0,113,0
ham,0,0,208,0
ham,0,0,76,0
spam,0,1,163,1
ham,0,0,34,0
ham,0,0,32,0
ham,0,0,155,0
ham,0,0,45,0
ham,0,0,51,0
ham,0,0,140,0
ham,0,1,108,0
ham,0,0,158,0
spam,0,0,146,1
ham,0,0,48,0
ham,0,0,38,0
ham,0,0,81,0
ham,0,0,162,0
ham,0,0,129,0
ham,0,0,52,0
ham,0,0,76,0
ham,0,1,169,0
ham,0,1,53,0
ham,0,1,145,0
ham,0,0,123,0
ham,0,0,57,0
ham,0,1,156,0
ham,0,0,26,0
ham,0,0,55,0
ham,0,0,93,0
ham,0,0,26,0
ham,0,0,27,0
ham,0,0,159,0
ham,0,0,28,0
ham,0,0,76,0
ham,0,0,37,0
ham,0,1,161,0
ham,0,0,211,0
ham,0,0,59,0
ham,0,0,115,0
ham,0,0,38,0
spam,0,2,159,0
ham,0,0,126,0
ham,0,0,33,0
spam,0,3,151,1
ham,0,0,27,0
ham,0,0,49,0
spam,0,2,118,1
spam,0,3,162,0
spam,0,1,155,1
ham,0,0,37,0
ham,0,0,145,0
ham,0,0,78,0
ham,0,0,98,0
spam,1,3,130,1
ham,0,0,80,0
spam,0,1,161,1
spam,0,2,162,1
ham,0,0,82,0
ham,0,1,232,0
ham,0,0,47,0
ham,0,0,120,0
spam,0,3,159,1
ham,0,0,73,0
ham,0,1,56,0
ham,0,0,109,0
ham,0,0,33,0
ham,0,0,89,0
ham,0,0,41,0
ham,0,0,70,0
ham,0,0,42,0
ham,0,0,100,0
spam,0,1,147,1
ham,0,0,159,0
ham,0,1,76,0
ham,0,0,38,0
ham,0,0,75,0
ham,0,0,137,0
ham,0,0,109,0
ham,0,0,38,0
ham,0,0,25,0
ham,0,0,34,0
ham,0,0,22,0
ham,0,0,57,0
ham,0,0,32,0
ham,0,0,104,0
spam,0,2,111,1
ham,0,0,25,0
ham,0,0,92,0
ham,0,0,78,0
ham,0,0,37,0
ham,0,0,30,0
ham,0,0,37,0
ham,0,0,40,0
ham,0,0,175,0
ham,0,0,55,0
ham,0,0,27,0
ham,0,0,57,0
spam,0,2,142,0
spam,0,0,169,1
ham,0,0,59,0
ham,0,0,44,0
ham,0,0,92,0
ham,0,0,37,0
ham,0,0,46,0
ham,0,1,46,0
ham,0,0,46,0
ham,0,0,29,0
ham,0,0,58,0
ham,0,0,69,0
ham,0,0,58,0
ham,0,0,52,0
ham,0,0,10,0
spam,1,0,146,1
ham,0,0,30,0
ham,0,0,31,0
ham,0,0,36,0
spam,0,3,158,1
ham,0,0,160,0
ham,0,0,41,0
ham,0,1,162,0
ham,0,0,142,0
spam,0,0,161,1
ham,0,0,25,0
ham,0,0,51,0
ham,0,0,35,0
ham,0,0,83,0
ham,0,0,29,0
spam,0,1,139,1
ham,0,1,109,0
ham,0,1,54,0
ham,0,0,59,0
ham,0,0,16,0
ham,0,0,36,0
ham,0,0,33,0
ham,0,0,34,0
ham,0,0,38,0
ham,0,0,27,0
ham,0,0,29,0
ham,0,0,52,0
ham,0,0,163,0
ham,0,1,62,0
ham,0,0,67,0
spam,0,1,155,1
ham,0,0,112,0
ham,0,0,28,0
spam,0,2,163,0
ham,0,0,27,0
ham,0,0,39,0
ham,0,0,58,0
ham,0,0,39,0
ham,0,0,69,0
ham,0,0,28,0
ham,0,0,40,0
ham,0,0,47,0
ham,0,0,163,0
ham,0,0,66,0
ham,0,0,36,0
ham,0,0,20,0
ham,0,0,43,0
ham,0,0,46,0
ham,0,0,13,0
ham,0,0,54,0
ham,0,0,157,0
ham,0,0,116,0
ham,0,0,150,0
spam,0,3,158,1
ham,0,0,53,0
ham,0,0,67,0
ham,0,0,29,0
ham,0,0,12,0
spam,1,4,135,1
ham,0,0,25,0
ham,0,0,13,0
ham,0,0,127,0
ham,0,0,35,0
ham,0,0,27,0
ham,0,0,98,0
ham,0,0,38,0
ham,0,0,62,0
ham,0,0,76,0
ham,0,0,91,0
ham,0,0,80,0
ham,0,0,67,0
ham,0,0,79,0
ham,0,0,58,0
ham,0,0,29,0
ham,0,0,115,0
ham,0,0,80,0
ham,0,0,56,0
ham,0,0,105,0
ham,0,0,82,0
ham,0,0,45,0
ham,0,0,62,0
ham,0,0,35,0
spam,0,1,156,0
ham,0,0,73,0
ham,0,0,73,0
spam,0,1,146,0
ham,0,3,127,0
ham,0,0,24,0
ham,0,0,80,0
ham,0,0,28,0
ham,0,0,39,0
ham,0,0,78,0
spam,0,1,157,0
ham,0,0,39,0
ham,0,0,51,0
ham,0,0,178,0
ham,0,0,240,0
ham,0,0,26,0
ham,0,0,108,0
ham,0,0,65,0
ham,0,0,40,0
ham,0,0,55,0
ham,0,0,25,0
spam,0,1,109,1
ham,0,0,45,0
ham,0,0,82,0
ham,0,0,136,0
ham,0,0,94,0
ham,0,0,102,0
spam,0,0,163,0
ham,0,0,65,0
spam,1,0,158,0
ham,0,0,37,0
ham,0,0,43,0
ham,0,0,160,0
ham,0,1,136,0
spam,0,2,147,1
spam,0,1,142,1
ham,0,0,59,0
ham,0,0,96,0
ham,0,0,34,0
ham,0,0,29,0
ham,0,0,86,0
ham,0,1,79,0
ham,0,0,25,0
spam,0,0,92,1
ham,0,0,45,0
ham,0,0,123,0
ham,0,0,65,0
ham,0,0,27,0
ham,1,2,161,0
ham,0,0,49,0
ham,0,0,64,0
ham,0,0,159,0
ham,0,0,56,0
ham,0,0,76,0
ham,0,0,90,0
ham,0,0,77,0
ham,0,0,61,0
ham,0,0,83,0
ham,0,0,35,0
ham,0,0,150,0
ham,0,0,54,0
spam,0,1,150,0
ham,0,0,48,0
ham,0,0,32,0
ham,0,0,160,0
ham,0,0,59,0
ham,0,0,71,0
ham,0,0,25,0
ham,0,0,25,0
ham,0,0,87,0
ham,0,0,46,0
ham,0,0,65,0
spam,0,3,139,1
spam,1,0,161,1
ham,0,0,49,0
ham,0,0,50,0
ham,0,0,154,0
ham,0,1,243,0
ham,0,0,48,0
ham,0,0,33,0
ham,0,0,117,0
ham,0,0,35,0
ham,0,0,46,0
spam,0,0,156,1
ham,0,0,113,0
ham,0,0,204,0
ham,0,1,154,0
ham,0,0,89,0
ham,0,0,49,0
ham,0,0,44,0
ham,0,0,87,0
ham,0,0,32,0
ham,0,0,101,0
ham,0,0,89,0
ham,0,0,18,0
ham,0,0,40,0
spam,0,1,72,0
ham,0,0,45,0
spam,0,1,155,0
ham,0,0,10,0
ham,0,0,114,0
ham,0,0,45,0
ham,0,0,32,0
ham,0,0,71,0
ham,0,0,65,0
ham,0,1,72,0
ham,0,0,148,0
ham,0,0,41,0
ham,0,0,49,0
spam,1,1,156,1
ham,0,0,32,0
ham,0,0,124,0
ham,0,0,36,0
ham,0,0,45,0
ham,0,1,92,0
ham,0,0,77,0
spam,0,1,138,1
ham,0,0,74,0
ham,0,0,48,0
ham,0,0,40,0
spam,0,3,139,1
ham,0,0,36,0
ham,0,0,57,0
ham,0,0,72,0
ham,0,0,46,0
ham,0,0,84,0
ham,0,0,56,0
ham,0,0,79,0
ham,0,0,25,0
ham,0,0,30,0
ham,0,0,112,0
ham,0,0,15,0
ham,0,0,47,0
ham,0,0,61,0
ham,0,0,8,0
ham,0,0,124,0
ham,0,0,159,0
ham,0,0,25,0
spam,0,3,162,1
spam,0,0,98,1
ham,0,0,61,0
ham,0,0,43,0
ham,0,2,302,0
ham,0,0,42,0
ham,0,0,95,0
ham,0,0,161,0
ham,0,0,85,0
ham,0,1,38,0
ham,0,0,69,0
ham,0,0,30,0
ham,0,0,35,0
ham,0,0,88,0
spam,1,2,140,1
ham,0,0,129,0
spam,0,2,150,1
ham,0,0,78,0
ham,0,0,95,0
ham,0,0,30,0
ham,0,0,38,0
ham,0,0,148,0
ham,0,0,116,0
ham,0,0,34,0
ham,0,0,25,0
spam,0,2,153,1
ham,0,0,169,0
ham,0,0,279,0
ham,0,0,174,0
ham,0,0,79,0
ham,0,0,161,0
ham,0,0,25,0
ham,0,0,27,0
spam,0,2,135,1
ham,0,0,47,0
ham,0,1,54,0
ham,0,0,47,0
ham,0,0,50,0
spam,0,2,149,1
ham,0,0,47,0
spam,0,2,137,1
ham,0,0,39,0
ham,0,0,418,0
spam,0,2,184,1
ham,0,0,35,0
ham,0,0,25,0
ham,0,0,43,0
ham,0,0,27,0
ham,0,0,163,0
ham,0,0,83,0
ham,0,0,30,0
spam,0,0,158,0
ham,0,0,240,0
ham,0,0,137,0
ham,0,0,36,0
spam,0,3,156,1
ham,0,0,83,0
ham,0,0,48,0
ham,0,0,51,0
ham,0,0,151,0
ham,0,1,159,0
ham,0,0,41,0
ham,0,0,52,0
ham,0,0,41,0
ham,0,0,51,0
ham,0,0,25,0
ham,0,0,101,0
spam,0,1,162,1
spam,0,2,127,0
ham,0,0,152,0
ham,0,0,40,0
ham,0,0,25,0
ham,0,0,36,0
ham,0,0,86,0
ham,0,0,27,0
ham,0,0,41,0
ham,0,0,132,0
ham,0,0,88,0
ham,0,0,49,0
ham,0,0,90,0
ham,0,0,109,0
ham,0,0,98,0
ham,0,0,89,0
ham,0,0,110,0
ham,0,0,43,0
spam,0,0,123,1
spam,0,0,140,0
ham,0,0,36,0
ham,0,2,149,0
ham,0,0,139,0
spam,0,0,143,0
ham,0,0,103,0
ham,0,0,67,0
ham,0,0,76,0
ham,0,0,149,0
ham,0,0,42,0
ham,0,0,35,0
ham,0,0,68,0
ham,0,0,44,0
ham,0,0,155,0
ham,0,0,12,0
ham,0,0,37,0
spam,1,0,156,0
ham,0,0,69,0
spam,0,4,163,1
spam,0,1,140,1
ham,0,0,136,0
ham,0,0,128,0
ham,0,1,135,0
ham,0,0,47,0
ham,0,0,45,0
ham,0,0,145,0
ham,0,0,65,0
ham,0,0,57,0
ham,0,0,57,0
ham,0,0,59,0
ham,0,2,93,0
ham,0,0,114,0
ham,0,0,25,0
ham,0,0,25,0
ham,0,0,60,0
ham,0,0,27,0
spam,1,2,141,1
ham,0,0,41,0
ham,0,0,35,0
ham,0,0,73,0
ham,0,0,28,0
ham,0,0,99,0
spam,0,2,180,1
ham,0,0,100,0
ham,0,0,30,0
ham,0,0,156,0
ham,0,0,45,0
ham,0,0,64,0
ham,0,0,54,0
ham,0,0,31,0
ham,0,0,25,0
ham,0,0,29,0
ham,0,0,81,0
ham,0,0,54,0
ham,0,0,45,0
spam,1,0,172,1
ham,0,0,250,0
ham,0,0,84,0
ham,0,0,18,0
ham,0,0,31,0
ham,0,0,31,0
ham,0,1,81,0
ham,0,0,63,0
spam,0,3,159,1
ham,0,0,62,0
ham,0,0,62,0
ham,0,0,149,0
ham,0,0,76,0
ham,0,0,50,0
spam,0,2,157,1
ham,0,0,155,0
ham,0,0,34,0
ham,0,0,69,0
ham,0,0,22,0
ham,0,0,60,0
ham,0,0,103,0
ham,0,0,25,0
ham,0,0,47,0
spam,0,0,149,1
spam,0,1,136,1
ham,0,0,70,0
spam,0,0,129,1
ham,0,0,87,0
ham,0,0,51,0
ham,0,0,46,0
ham,0,0,72,0
ham,0,0,30,0
ham,0,0,75,0
spam,0,3,152,0
ham,0,0,31,0
ham,0,0,136,0
ham,0,0,101,0
spam,1,2,138,1
ham,0,0,73,0
spam,0,1,112,1
ham,0,0,44,0
ham,0,0,114,0
ham,0,1,100,0
ham,0,0,92,0
ham,0,0,34,0
ham,0,0,92,0
ham,0,0,157,0
ham,0,0,46,0
ham,0,0,49,0
ham,0,0,114,0
ham,0,0,30,0
spam,0,1,162,1
ham,0,0,178,0
ham,0,0,45,0
ham,0,0,141,0
ham,0,0,53,0
spam,0,0,148,1
ham,0,0,33,0
ham,0,0,52,0
ham,0,0,94,0
ham,0,0,39,0
ham,0,0,33,0
ham,0,0,66,0
ham,0,0,122,0
spam,0,0,135,1
ham,0,0,29,0
ham,0,0,85,0
spam,0,1,163,1
ham,0,0,26,0
spam,0,2,140,1
ham,0,0,56,0
ham,0,0,69,0
spam,0,3,135,1
ham,0,0,65,0
ham,0,0,77,0
spam,0,1,161,1
ham,0,0,96,0
ham,0,1,152,0
ham,0,0,46,0
ham,0,0,155,0
ham,0,0,259,0
ham,0,0,54,0
ham,0,0,24,0
ham,0,0,54,0
ham,0,0,88,0
ham,0,0,97,0
ham,0,0,25,0
ham,0,0,34,0
ham,0,0,27,0
ham,0,0,49,0
ham,0,0,68,0
ham,0,0,35,0
ham,0,0,123,0
ham,0,0,39,0
ham,0,0,74,0
ham,0,0,73,0
spam,0,0,152,0
ham,0,0,169,0
ham,0,0,35,0
ham,0,0,44,0
spam,0,1,156,0
ham,0,0,101,0
ham,0,0,453,0
ham,0,1,153,0
ham,0,0,50,0
ham,0,0,60,0
ham,0,0,157,0
ham,0,0,36,0
spam,0,1,50,1
ham,0,0,30,0
spam,0,0,162,1
ham,0,0,94,0
ham,0,0,42,0
spam,1,1,159,0
ham,0,0,56,0
ham,0,0,91,0
ham,0,0,31,0
ham,0,0,46,0
spam,0,0,47,0
ham,0,0,35,0
ham,0,0,76,0
ham,0,0,33,0
ham,0,0,157,0
ham,0,0,110,0
ham,0,0,104,0
ham,0,0,34,0
ham,0,0,52,0
ham,0,0,284,0
ham,0,0,40,0
ham,0,0,73,0
ham,0,0,117,0
ham,0,0,119,0
ham,0,0,50,0
ham,0,0,30,0
ham,0,0,90,0
spam,0,1,167,1
ham,0,0,91,0
ham,0,0,231,0
ham,0,0,105,0
spam,1,3,165,1
ham,0,0,136,0
ham,0,0,91,0
ham,0,0,39,0
ham,0,0,80,0
ham,0,0,107,0
spam,0,0,159,0
ham,0,0,90,0
ham,0,0,31,0
ham,0,0,133,0
ham,0,0,82,0
ham,0,0,187,0
ham,0,0,56,0
ham,0,0,34,0
ham,0,0,88,0
ham,0,0,80,0
ham,0,1,26,0
ham,0,0,79,0
ham,0,0,31,0
ham,0,0,33,0
ham,0,0,78,0
ham,0,1,39,0
ham,0,0,26,0
spam,0,0,163,1
ham,0,0,36,0
ham,0,0,102,0
ham,0,0,27,0
ham,0,0,70,0
ham,0,0,27,0
ham,0,0,88,0
ham,0,0,31,0
ham,0,1,49,0
ham,0,0,7,0
ham,0,0,58,0
ham,0,0,96,0
ham,0,0,73,0
ham,0,0,89,0
spam,0,2,122,1
ham,0,1,104,0
ham,0,0,160,0
ham,0,1,52,0
ham,0,0,28,0
ham,0,0,38,0
ham,0,0,51,0
ham,0,0,46,0
ham,0,0,30,0
ham,0,0,21,0
ham,0,0,7,0
spam,0,5,145,1
spam,0,3,159,0
ham,0,0,25,0
ham,0,0,72,0
ham,0,0,40,0
ham,0,0,42,0
ham,0,0,137,0
spam,0,2,153,0
ham,0,0,88,0
ham,0,0,119,0
ham,0,0,45,0
spam,1,0,154,0
spam,0,1,167,1
ham,0,0,43,0
ham,0,0,26,0
ham,0,0,64,0
spam,0,0,163,1
ham,0,0,46,0
ham,0,0,112,0
ham,0,0,33,0
ham,0,0,332,0
ham,0,0,94,0
ham,0,0,34,0
ham,0,0,32,0
ham,0,0,25,0
spam,1,2,139,1
ham,0,0,43,0
ham,0,0,32,0
ham,0,0,41,0
ham,0,0,44,0
ham,0,0,54,0
ham,0,0,38,0
ham,0,0,92,0
ham,0,0,54,0
ham,0,0,43,0
ham,0,0,115,0
ham,0,0,144,0
ham,0,0,48,0
ham,0,0,74,0
spam,0,1,149,1
ham,0,0,38,0
ham,0,0,32,0
ham,0,0,146,0
spam,0,2,162,1
ham,0,0,51,0
ham,0,0,24,0
ham,0,0,101,0
ham,0,1,139,0
spam,0,1,158,1
ham,0,0,35,0
ham,0,0,46,0
ham,0,0,51,0
ham,0,0,28,0
ham,0,0,22,0
ham,0,0,136,0
ham,0,0,69,0
ham,0,0,61,0
ham,0,0,122,0
ham,0,0,56,0
ham,0,0,41,0
ham,0,0,48,0
spam,0,1,130,1
ham,0,0,102,0
ham,0,0,80,0
ham,0,0,58,0
ham,0,0,26,0
ham,0,0,24,0
ham,0,0,36,0
ham,0,0,49,0
ham,0,0,26,0
ham,0,0,85,0
ham,0,0,130,0
ham,0,0,77,0
ham,0,0,26,0
ham,0,0,68,0
ham,0,1,330,0
ham,0,0,29,0
ham,0,0,155,0
ham,0,0,48,0
ham,0,0,86,0
spam,1,1,148,0
ham,0,0,54,0
ham,0,0,48,0
ham,0,0,155,0
ham,0,0,45,0
ham,0,0,104,0
ham,0,0,32,0
ham,0,0,66,0
ham,0,1,171,0
spam,0,2,147,1
ham,0,0,128,0
ham,0,0,38,0
ham,0,0,41,0
ham,0,0,52,0
ham,0,0,34,0
ham,0,0,27,0
spam,1,5,159,1
ham,0,0,43,0
ham,0,0,116,0
ham,0,0,122,0
ham,0,0,53,0
ham,0,0,26,0
ham,0,0,50,0
spam,0,1,158,1
ham,0,0,41,0
spam,1,2,160,1
ham,0,0,54,0
ham,0,0,35,0
ham,0,0,128,0
ham,0,0,39,0
ham,0,0,58,0
ham,0,0,26,0
ham,0,0,38,0
ham,0,0,90,0
ham,0,0,74,0
ham,0,0,97,0
ham,0,0,102,0
ham,0,0,54,0
ham,0,0,26,0
ham,0,0,165,0
ham,0,0,85,0
ham,0,0,35,0
ham,0,0,149,0
ham,0,0,124,0
ham,0,0,43,0
spam,0,3,160,1
ham,0,0,30,0
ham,0,0,31,0
ham,0,0,100,0
ham,0,0,162,0
ham,0,0,31,0
ham,0,0,39,0
ham,0,0,67,0
ham,0,0,33,0
ham,0,0,29,0
ham,0,1,192,0
ham,0,0,163,0
ham,0,0,29,0
ham,0,0,32,0
ham,0,0,27,0
ham,0,0,32,0
ham,0,0,50,0
ham,0,0,75,0
ham,0,0,40,0
ham,0,0,128,0
ham,0,0,55,0
ham,0,0,195,0
ham,0,1,129,0
ham,0,0,42,0
ham,0,0,28,0
ham,0,0,38,0
ham,0,0,36,0
ham,0,0,41,0
spam,0,2,159,1
ham,0,0,80,0
ham,0,0,41,0
ham,0,0,20,0
ham,0,0,133,0
ham,0,1,136,0
ham,0,0,43,0
ham,0,0,14,0
ham,0,0,48,0
ham,0,0,70,0
ham,0,0,43,0
ham,0,0,87,0
ham,0,3,103,0
ham,0,0,148,0
ham,0,0,33,0
ham,0,0,5,0
ham,0,0,128,0
ham,0,1,136,0
ham,0,0,59,0
ham,0,0,45,0
ham,0,0,73,0
ham,0,0,53,0
spam,0,0,115,1
spam,0,1,109,1
spam,0,0,160,1
ham,0,0,138,0
spam,0,2,159,1
ham,0,0,49,0
spam,0,1,142,0
ham,0,0,41,0
ham,0,0,49,0
ham,0,0,47,0
ham,0,2,215,0
ham,0,1,54,0
ham,0,0,119,0
spam,0,0,93,1
spam,1,3,163,1
ham,0,0,83,0
ham,0,0,51,0
spam,0,1,45,0
ham,0,0,67,0
ham,0,0,91,0
ham,0,0,164,0
ham,0,0,150,0
ham,0,0,27,0
ham,0,0,104,0
ham,0,0,43,0
ham,0,0,39,0
ham,0,0,29,0
ham,0,0,26,0
ham,0,0,62,0
ham,0,0,107,0
ham,0,0,44,0
ham,0,0,53,0
ham,0,0,43,0
ham,0,0,32,0
ham,0,0,52,0
ham,0,0,48,0
ham,0,0,166,0
ham,0,0,89,0
ham,0,0,132,0
ham,0,0,43,0
ham,0,0,72,0
ham,0,0,31,0
ham,0,0,37,0
ham,0,1,165,0
ham,0,0,26,0
ham,0,0,42,0
ham,0,0,85,0
ham,0,0,39,0
ham,0,0,83,0
ham,0,0,84,0
ham,0,0,13,0
ham,0,0,93,0
ham,0,0,115,0
ham,0,0,43,0
ham,0,0,75,0
ham,0,0,85,0
ham,0,0,40,0
ham,0,0,43,0
ham,0,0,42,0
ham,0,0,25,0
ham,0,0,87,0
ham,0,0,43,0
ham,0,0,48,0
spam,0,0,109,1
ham,0,0,35,0
ham,0,0,100,0
ham,0,1,105,0
ham,0,0,37,0
ham,0,0,25,0
ham,0,0,54,0
ham,0,0,62,0
ham,0,0,36,0
ham,0,0,29,0
ham,0,0,31,0
ham,0,0,39,0
ham,0,0,47,0
ham,0,0,48,0
ham,0,0,93,0
ham,0,0,102,0
spam,0,3,166,1
ham,0,0,73,0
ham,0,0,71,0
ham,0,0,107,0
ham,0,0,40,0
ham,0,0,54,0
spam,0,0,73,0
ham,0,0,26,0
ham,0,0,254,0
ham,0,0,43,0
ham,0,0,41,0
ham,0,0,47,0
ham,0,0,104,0
spam,1,0,115,1
ham,0,0,30,0
ham,0,0,25,0
ham,0,0,123,0
spam,0,0,160,1
ham,0,0,54,0
spam,1,1,150,1
ham,0,0,20,0
ham,0,0,52,0
ham,0,0,92,0
spam,1,0,88,0
spam,0,0,159,0
spam,0,2,146,1
ham,0,0,10,0
ham,0,0,29,0
ham,0,0,6,0
ham,0,0,82,0
ham,0,1,38,0
ham,0,0,125,0
ham,0,2,57,0
ham,0,0,77,0
ham,0,0,53,0
ham,0,0,28,0
ham,0,0,64,0
ham,0,0,38,0
ham,0,0,34,0
spam,0,4,152,1
ham,0,0,82,0
ham,0,0,172,0
ham,0,0,138,0
ham,0,0,36,0
spam,0,1,148,1
ham,0,0,26,0
ham,0,0,46,0
ham,0,0,26,0
ham,0,0,68,0
spam,0,1,164,1
ham,0,0,68,0
ham,0,0,158,0
ham,0,0,121,0
ham,0,0,61,0
spam,1,2,161,1
ham,0,0,37,0
ham,0,0,48,0
ham,0,0,158,0
spam,0,1,151,1
ham,0,0,39,0
ham,0,0,85,0
ham,0,1,43,0
ham,0,0,130,0
ham,0,0,152,0
ham,0,0,41,0
ham,0,0,61,0
ham,0,0,64,0
ham,0,0,27,0
ham,0,0,42,0
ham,0,0,28,0
ham,0,0,72,0
ham,0,0,36,0
ham,0,0,248,0
ham,0,0,142,0
ham,0,0,169,0
ham,0,0,125,0
ham,0,0,59,0
ham,0,0,35,0
ham,0,0,38,0
ham,0,0,38,0
ham,0,0,26,0
spam,0,1,156,1
ham,0,1,106,0
spam,0,1,137,1
ham,0,1,71,0
ham,0,0,52,0
ham,0,0,28,0
ham,0,0,67,0
ham,0,0,63,0
ham,0,0,43,0
ham,0,0,116,0
ham,0,0,31,0
ham,0,0,332,0
ham,0,0,57,0
spam,0,1,93,1
ham,0,0,161,0
ham,0,0,29,0
spam,0,0,163,0
ham,0,0,24,0
ham,0,0,43,0
ham,0,0,41,0
ham,0,1,157,0
ham,0,0,48,0
ham,0,0,45,0
spam,0,3,163,0
ham,0,0,37,0
ham,0,0,90,0
ham,0,0,46,0
ham,0,0,54,0
ham,0,1,94,0
ham,0,0,30,0
ham,0,1,101,0
ham,0,0,156,0
ham,0,1,66,0
ham,0,0,276,0
ham,0,0,25,0
ham,0,0,69,0
ham,0,0,36,0
ham,0,0,73,0
ham,0,0,99,0
ham,0,0,22,0
ham,0,0,70,0
ham,0,0,15,0
spam,0,2,150,0
spam,0,3,164,1
ham,0,0,40,0
ham,0,0,60,0
ham,0,0,128,0
ham,0,0,29,0
